publishing_house_dim.publishing_house_key,publishing_house_dim.publishing_house_id,publishing_house_dim.publishing_house_name,publishing_house_dim.publishing_house_addr,publishing_house_dim.publishing_house_website,publishing_house_dim.ordering,publishing_house_dim.status,publishing_house_dim.created_time,publishing_house_dim.created_by,publishing_house_dim.updated_time,publishing_house_dim.updated_by,publishing_house_dim.cmc_id,publishing_house_dim.valid_from,publishing_house_dim.valid_to,publishing_house_dim.version,publishing_house_dim.current,publishing_house_dim.last_mofidied
298,631,Vân Hi_FLC_TLMĐV,N/A,N/A,0,ACT,2020-04-24 17:01:30.0,214,2020-05-04 11:40:52.0,214,631,2000-01-01 00:00:00.0,2200-01-01 00:00:00.0,1,1,2021-09-17 20:34:55.0
299,634,Ruby_FLC,N/A,N/A,0,ACT,2020-04-29 15:34:25.0,214,2020-04-29 15:34:25.0,214,634,2000-01-01 00:00:00.0,2200-01-01 00:00:00.0,1,1,2021-09-17 20:34:55.0
300,637,Sư ca hung mãnh hơn thú_ 动物不及师哥凶猛,N/A,N/A,0,ACT,2020-04-29 15:35:58.0,214,2020-04-29 15:35:58.0,214,637,2000-01-01 00:00:00.0,2200-01-01 00:00:00.0,1,1,2021-09-17 20:34:55.0
301,639,Bích Hường_FLC,N/A,N/A,0,ACT,2020-04-29 15:51:36.0,214,2020-04-29 15:51:36.0,214,639,2000-01-01 00:00:00.0,2200-01-01 00:00:00.0,1,1,2021-09-17 20:34:55.0
302,640,Y tâm liêu nhân_ 医心撩人,N/A,N/A,0,ACT,2020-04-29 15:52:40.0,214,2020-04-29 15:52:40.0,214,640,2000-01-01 00:00:00.0,2200-01-01 00:00:00.0,1,1,2021-09-17 20:34:55.0
303,643,Mộ Khâu Tử_丘子坟,N/A,N/A,0,ACT,2020-05-01 21:58:05.0,214,2020-10-02 11:02:47.0,214,643,2000-01-01 00:00:00.0,2200-01-01 00:00:00.0,1,1,2021-09-17 20:34:55.0
304,646,Tiểu Mễ_MKT_FLC,N/A,N/A,0,ACT,2020-05-01 21:58:55.0,214,2020-05-01 21:58:55.0,214,646,2000-01-01 00:00:00.0,2200-01-01 00:00:00.0,1,1,2021-09-17 20:34:55.0
305,649,Thủy Linh_FLC_CCCĐT,N/A,N/A,0,ACT,2020-05-04 17:05:54.0,214,2020-05-04 17:05:54.0,214,649,2000-01-01 00:00:00.0,2200-01-01 00:00:00.0,1,1,2021-09-17 20:34:55.0
306,651,Chân chó của đại thần_网游之御用小弟,N/A,N/A,0,ACT,2020-05-04 17:07:43.0,214,2020-05-04 17:07:43.0,214,651,2000-01-01 00:00:00.0,2200-01-01 00:00:00.0,1,1,2021-09-17 20:34:55.0
307,655,Giường anh chia em một nửa_ 我的房分你一半,N/A,N/A,0,ACT,2020-05-05 18:31:56.0,214,2020-05-05 18:31:56.0,214,655,2000-01-01 00:00:00.0,2200-01-01 00:00:00.0,1,1,2021-09-17 20:34:55.0
308,658,HMP_FLC,N/A,N/A,0,ACT,2020-05-06 10:32:06.0,214,2020-05-06 10:32:06.0,214,658,2000-01-01 00:00:00.0,2200-01-01 00:00:00.0,1,1,2021-09-17 20:34:55.0
309,661,Tiểu Mễ_HTHS_FLC,N/A,N/A,0,ACT,2020-05-07 10:07:32.0,214,2020-05-07 10:07:32.0,214,661,2000-01-01 00:00:00.0,2200-01-01 00:00:00.0,1,1,2021-09-17 20:34:55.0
310,663,Quỷ giấu người_鬼藏人,N/A,N/A,0,ACT,2020-05-07 18:13:29.0,214,2020-10-26 11:44:29.0,214,663,2000-01-01 00:00:00.0,2200-01-01 00:00:00.0,1,1,2021-09-17 20:34:55.0
311,666,Tên anh là thời gian_他以时间为名 ,N/A,N/A,0,ACT,2020-05-08 08:58:08.0,214,2020-05-08 08:58:08.0,214,666,2000-01-01 00:00:00.0,2200-01-01 00:00:00.0,1,1,2021-09-17 20:34:55.0
312,669,Thiên Trường Chi Cửu_听说陆之汣爱我很多年,N/A,N/A,0,ACT,2020-05-08 09:16:46.0,214,2020-05-08 09:16:46.0,214,669,2000-01-01 00:00:00.0,2200-01-01 00:00:00.0,1,1,2021-09-17 20:34:55.0
313,670,Phi Yến_FLC,N/A,N/A,0,ACT,2020-05-08 09:17:28.0,214,2020-05-08 09:17:28.0,214,670,2000-01-01 00:00:00.0,2200-01-01 00:00:00.0,1,1,2021-09-17 20:34:55.0
314,673,Trung tâm phát hành sách và văn hóa phẩm Khoa học và Kỹ thuật,N/A,N/A,0,ACT,2020-05-08 09:41:10.0,214,2020-05-08 09:41:10.0,214,673,2000-01-01 00:00:00.0,2200-01-01 00:00:00.0,1,1,2021-09-17 20:34:55.0
315,675,10 vạn lý do phải bơm vàng_十万个氪金的理由,N/A,N/A,0,ACT,2020-05-11 21:44:28.0,214,2020-05-11 21:44:28.0,214,675,2000-01-01 00:00:00.0,2200-01-01 00:00:00.0,1,1,2021-09-17 20:34:55.0
316,676,Tinh Tinh_FLC,N/A,N/A,0,ACT,2020-05-22 14:19:16.0,214,2020-05-22 14:19:16.0,214,676,2000-01-01 00:00:00.0,2200-01-01 00:00:00.0,1,1,2021-09-17 20:34:55.0
317,679,Bích Hường_FLC_NHN,N/A,N/A,0,ACT,2020-05-25 16:29:23.0,214,2020-05-25 16:29:23.0,214,679,2000-01-01 00:00:00.0,2200-01-01 00:00:00.0,1,1,2021-09-17 20:34:55.0
318,682,Thú Lạ Team_VLQ_FLC,N/A,N/A,0,ACT,2020-05-26 17:19:27.0,214,2020-05-26 17:20:17.0,214,682,2000-01-01 00:00:00.0,2200-01-01 00:00:00.0,1,1,2021-09-17 20:34:55.0
319,684,Hoán đổi linh hồn_如果可以想重来一次,N/A,N/A,0,ACT,2020-05-28 15:55:30.0,214,2020-10-26 11:45:20.0,214,684,2000-01-01 00:00:00.0,2200-01-01 00:00:00.0,1,1,2021-09-17 20:34:55.0
320,685,Bích Hường_FLC_QCPM,N/A,N/A,0,ACT,2020-06-01 10:40:43.0,214,2020-06-01 10:40:43.0,214,685,2000-01-01 00:00:00.0,2200-01-01 00:00:00.0,1,1,2021-09-17 20:34:55.0
321,688,Quán Cà Phê Mèo_幸肥猫咪咖啡馆 ,N/A,N/A,0,ACT,2020-06-01 10:46:04.0,214,2020-06-01 10:46:04.0,214,688,2000-01-01 00:00:00.0,2200-01-01 00:00:00.0,1,1,2021-09-17 20:34:55.0
322,690,Thú Lạ Team_TDM_FLC,N/A,N/A,0,ACT,2020-06-01 17:39:55.0,214,2020-06-01 17:39:55.0,214,690,2000-01-01 00:00:00.0,2200-01-01 00:00:00.0,1,1,2021-09-17 20:34:55.0
323,691,Thầy dời mộ_迁坟师,N/A,N/A,0,ACT,2020-06-01 17:40:40.0,214,2020-06-01 17:40:40.0,214,691,2000-01-01 00:00:00.0,2200-01-01 00:00:00.0,1,1,2021-09-17 20:34:55.0
324,694,Half_BTTGNCC_FLC,N/A,N/A,0,ACT,2020-06-02 13:54:28.0,214,2020-06-02 13:54:28.0,214,694,2000-01-01 00:00:00.0,2200-01-01 00:00:00.0,1,1,2021-09-17 20:34:55.0
325,696,Bức thư tình gửi ngài Chuột Chũi_写给鼹鼠先生的情书,N/A,N/A,0,ACT,2020-06-03 18:31:14.0,214,2020-06-03 18:31:14.0,214,696,2000-01-01 00:00:00.0,2200-01-01 00:00:00.0,1,1,2021-09-17 20:34:55.0
326,699,"Thủ tướng, mời xem đơn ly hôn_离婚启示录",N/A,N/A,0,ACT,2020-06-04 14:55:35.0,214,2020-06-04 14:59:36.0,214,699,2000-01-01 00:00:00.0,2200-01-01 00:00:00.0,1,1,2021-09-17 20:34:55.0
327,702,NoLo_TTMXDLH_FLC,N/A,N/A,0,ACT,2020-06-04 14:59:09.0,214,2020-06-04 14:59:09.0,214,702,2000-01-01 00:00:00.0,2200-01-01 00:00:00.0,1,1,2021-09-17 20:34:55.0
328,705,Bee Bếch_CTDT_FLC,N/A,N/A,0,ACT,2020-06-04 18:48:19.0,214,2020-06-04 18:48:19.0,214,705,2000-01-01 00:00:00.0,2200-01-01 00:00:00.0,1,1,2021-09-17 20:34:55.0
329,708,Chiến thần Địch Thanh_战神狄青,N/A,N/A,0,ACT,2020-06-04 18:49:03.0,214,2020-06-04 18:49:03.0,214,708,2000-01-01 00:00:00.0,2200-01-01 00:00:00.0,1,1,2021-09-17 20:34:55.0
330,709,Thanh quỷ kỷ sự_青詭紀事,N/A,N/A,0,ACT,2020-06-10 08:37:14.0,214,2020-06-10 08:37:14.0,214,709,2000-01-01 00:00:00.0,2200-01-01 00:00:00.0,1,1,2021-09-17 20:34:55.0
331,711,YL_TQKS_FLC,N/A,N/A,0,ACT,2020-06-10 08:38:05.0,214,2020-06-10 08:38:05.0,214,711,2000-01-01 00:00:00.0,2200-01-01 00:00:00.0,1,1,2021-09-17 20:34:55.0
332,714,Alpha Audiobook 2017,N/A,N/A,0,ACT,2020-06-10 10:43:27.0,214,2020-06-10 10:43:27.0,214,714,2000-01-01 00:00:00.0,2200-01-01 00:00:00.0,1,1,2021-09-17 20:34:55.0
333,717,Whitenavy_DMPQ_FLC,N/A,N/A,0,ACT,2020-06-12 08:23:01.0,214,2020-06-12 08:34:03.0,214,717,2000-01-01 00:00:00.0,2200-01-01 00:00:00.0,1,1,2021-09-17 20:34:55.0
334,718,Doanh môn phục quý_复贵盈门,N/A,N/A,0,ACT,2020-06-12 08:24:10.0,214,2020-06-12 08:24:10.0,214,718,2000-01-01 00:00:00.0,2200-01-01 00:00:00.0,1,1,2021-09-17 20:34:55.0
335,721,Pháo hôi ư ư đại lão_炮灰她嫁了豪门大佬,N/A,N/A,0,ACT,2020-06-15 08:18:00.0,214,2020-06-15 08:18:00.0,214,721,2000-01-01 00:00:00.0,2200-01-01 00:00:00.0,1,1,2021-09-17 20:34:55.0
336,724,lys_hoán đổi linh hồn_flc,N/A,N/A,0,ACT,2020-07-02 11:06:14.0,214,2020-07-02 11:06:14.0,214,724,2000-01-01 00:00:00.0,2200-01-01 00:00:00.0,1,1,2021-09-17 20:34:55.0
337,726,Cô vợ siêu sao_顾少的影后娇妻,N/A,N/A,0,ACT,2020-07-02 13:48:56.0,214,2020-07-13 14:41:34.0,214,726,2000-01-01 00:00:00.0,2200-01-01 00:00:00.0,1,1,2021-09-17 20:34:55.0
338,729,Yêu tinh quán_妖精食堂的秘密,N/A,N/A,0,ACT,2020-07-02 13:52:27.0,214,2020-08-21 16:51:17.0,214,729,2000-01-01 00:00:00.0,2200-01-01 00:00:00.0,1,1,2021-09-17 20:34:55.0
339,730,Thú Lạ Team_Yêu tinh quán_FLC,N/A,N/A,0,ACT,2020-07-02 13:53:18.0,214,2020-07-02 13:53:18.0,214,730,2000-01-01 00:00:00.0,2200-01-01 00:00:00.0,1,1,2021-09-17 20:34:55.0
340,732,Vương Hằng_Cô vợ siêu sao_FLC,N/A,N/A,0,ACT,2020-07-02 13:53:55.0,214,2020-07-02 13:53:55.0,214,732,2000-01-01 00:00:00.0,2200-01-01 00:00:00.0,1,1,2021-09-17 20:34:55.0
341,735,Nhan Húc Quân,N/A,N/A,0,ACT,2020-07-13 17:27:34.0,214,2020-07-13 17:27:34.0,214,735,2000-01-01 00:00:00.0,2200-01-01 00:00:00.0,1,1,2021-09-17 20:34:55.0
342,738,VegaMedia_Hành tẩu ÂD_Audio_TB_052020,N/A,N/A,0,ACT,2020-07-23 15:59:27.0,214,2020-07-23 15:59:27.0,214,738,2000-01-01 00:00:00.0,2200-01-01 00:00:00.0,1,1,2021-09-17 20:34:55.0
343,739,VegaMedia_Hoàng Hà PYT_Audio_TB_062020,N/A,N/A,0,ACT,2020-07-23 15:59:55.0,214,2020-07-23 15:59:55.0,214,739,2000-01-01 00:00:00.0,2200-01-01 00:00:00.0,1,1,2021-09-17 20:34:55.0
344,741,VegaMedia_Mộ Khâu Tử_Audio_TB_062020,N/A,N/A,0,ACT,2020-07-23 16:00:06.0,214,2020-07-23 16:00:06.0,214,741,2000-01-01 00:00:00.0,2200-01-01 00:00:00.0,1,1,2021-09-17 20:34:55.0
345,744,Nguyễn Thanh Huyền_Sơ Cửu CLH_Audio_BL_082020,N/A,N/A,0,ACT,2020-07-23 16:00:16.0,214,2020-07-23 16:02:23.0,214,744,2000-01-01 00:00:00.0,2200-01-01 00:00:00.0,1,1,2021-09-17 20:34:55.0
346,747,Nguyễn Thanh Huyền_Tình nhân ĐCTG_Audio_TB_082020,N/A,N/A,0,ACT,2020-07-23 16:00:26.0,214,2020-07-23 16:00:26.0,214,747,2000-01-01 00:00:00.0,2200-01-01 00:00:00.0,1,1,2021-09-17 20:34:55.0
347,750,Nguyễn Thanh Huyền_Hoa hồng trắng_Audio_BL_082020,N/A,N/A,0,ACT,2020-07-23 16:00:42.0,214,2020-07-23 16:00:42.0,214,750,2000-01-01 00:00:00.0,2200-01-01 00:00:00.0,1,1,2021-09-17 20:34:55.0
348,753,Lê Bá Long_Mộ Khâu Tử_Audio_TB_082020,N/A,N/A,0,ACT,2020-07-23 16:00:57.0,214,2020-08-22 15:04:04.0,214,753,2000-01-01 00:00:00.0,2200-01-01 00:00:00.0,1,1,2021-09-17 20:34:55.0
349,754,Lê Bá Long_Hoàng đế CMĐT_Audio_BL_082020,N/A,N/A,0,ACT,2020-07-23 16:01:09.0,214,2020-07-23 16:01:09.0,214,754,2000-01-01 00:00:00.0,2200-01-01 00:00:00.0,1,1,2021-09-17 20:34:55.0
350,756,Lê Bá Long_Nam thần KTĐ_Audio_BL_082020,N/A,N/A,0,ACT,2020-07-23 16:01:20.0,214,2020-07-23 16:01:20.0,214,756,2000-01-01 00:00:00.0,2200-01-01 00:00:00.0,1,1,2021-09-17 20:34:55.0
351,757,Đào T.Minh Thu_Mỹ nhân QHH_Audio_BL_082020,N/A,N/A,0,ACT,2020-07-23 16:01:32.0,214,2020-07-23 16:01:32.0,214,757,2000-01-01 00:00:00.0,2200-01-01 00:00:00.0,1,1,2021-09-17 20:34:55.0
352,759,Đào T.Minh Thu_Ổ đàn bà_Audio_BL_082020,N/A,N/A,0,ACT,2020-07-23 16:01:43.0,214,2020-07-23 16:01:43.0,214,759,2000-01-01 00:00:00.0,2200-01-01 00:00:00.0,1,1,2021-09-17 20:34:55.0
353,760,Đào T.Minh Thu_Hứa với em MĐHN_Audio_TB_082020,N/A,N/A,0,ACT,2020-07-23 16:01:55.0,214,2020-07-23 16:01:55.0,214,760,2000-01-01 00:00:00.0,2200-01-01 00:00:00.0,1,1,2021-09-17 20:34:55.0
354,762,Cách Một Cánh Cửa_一门之隔  ,N/A,N/A,0,ACT,2020-08-03 11:18:05.0,214,2020-08-03 11:18:05.0,214,762,2000-01-01 00:00:00.0,2200-01-01 00:00:00.0,1,1,2021-09-17 20:34:55.0
355,763,Chuối gỗ_Hoàng hà PYT_Audio_TB_062020,N/A,N/A,0,ACT,2020-08-03 17:19:16.0,214,2020-08-03 17:19:16.0,214,763,2000-01-01 00:00:00.0,2200-01-01 00:00:00.0,1,1,2021-09-17 20:34:55.0
356,765,Tội ác vô hình_罪恶无形 ,N/A,N/A,0,ACT,2020-08-10 15:36:30.0,214,2020-08-10 15:36:30.0,214,765,2000-01-01 00:00:00.0,2200-01-01 00:00:00.0,1,1,2021-09-17 20:34:55.0
357,768,Huệ Trần_Tội ác VH_FLC_TB_092020,N/A,N/A,0,ACT,2020-08-10 15:39:37.0,214,2020-09-04 17:00:43.0,214,768,2000-01-01 00:00:00.0,2200-01-01 00:00:00.0,1,1,2021-09-17 20:34:55.0
358,771,Thất duyên kiếp_仙尊又在撩我,N/A,N/A,0,ACT,2020-09-04 16:56:16.0,214,2020-09-04 16:56:16.0,214,771,2000-01-01 00:00:00.0,2200-01-01 00:00:00.0,1,1,2021-09-17 20:34:55.0
359,772,Fulybook_Thất duyên kiếp_FLC_TB_092020,N/A,N/A,0,ACT,2020-09-04 16:58:51.0,214,2020-09-04 16:58:51.0,214,772,2000-01-01 00:00:00.0,2200-01-01 00:00:00.0,1,1,2021-09-17 20:34:55.0
360,775,Minh Tuệ_Quỷ giấu người_FLC_TB_092020,N/A,N/A,0,ACT,2020-09-10 22:48:08.0,214,2020-09-11 07:49:25.0,214,775,2000-01-01 00:00:00.0,2200-01-01 00:00:00.0,1,1,2021-09-17 20:34:55.0
361,777,Mẹ Cherry_Tiếu thương khung_FLC_TB_102020,N/A,N/A,0,ACT,2020-10-12 11:49:18.0,214,2020-10-12 11:49:18.0,214,777,2000-01-01 00:00:00.0,2200-01-01 00:00:00.0,1,1,2021-09-17 20:34:55.0
362,780,Nguyễn Ngọc Anh_Dân chơi số 1_FLC_TB_102020,N/A,N/A,0,ACT,2020-10-12 11:50:15.0,214,2020-10-12 11:50:15.0,214,780,2000-01-01 00:00:00.0,2200-01-01 00:00:00.0,1,1,2021-09-17 20:34:55.0
363,783,Xuyên nhanh: Dân chơi số 1_快穿头号玩家,N/A,N/A,0,ACT,2020-10-12 11:51:54.0,214,2020-10-12 11:51:54.0,214,783,2000-01-01 00:00:00.0,2200-01-01 00:00:00.0,1,1,2021-09-17 20:34:55.0
364,784,Harley_Cẩm đường QY_FLC_TB_102020,N/A,N/A,0,ACT,2020-10-22 17:15:49.0,214,2020-10-22 17:15:49.0,214,784,2000-01-01 00:00:00.0,2200-01-01 00:00:00.0,1,1,2021-09-17 20:34:55.0
365,786,Legendary_Hoàng hà PYT_FLC_TB_102020,N/A,N/A,0,ACT,2020-10-26 16:14:40.0,214,2020-10-27 08:48:45.0,214,786,2000-01-01 00:00:00.0,2200-01-01 00:00:00.0,1,1,2021-09-17 20:34:55.0
366,789,Vương Hằng_Nam Thành CTV_FLC_TB_122020,N/A,N/A,0,ACT,2020-12-03 11:24:25.0,214,2020-12-03 11:27:48.0,214,789,2000-01-01 00:00:00.0,2200-01-01 00:00:00.0,1,1,2021-09-17 20:34:55.0
367,790,Nam thành chờ trăng về_南城待月归,N/A,N/A,0,ACT,2020-12-03 11:26:27.0,214,2020-12-03 11:26:27.0,214,790,2000-01-01 00:00:00.0,2200-01-01 00:00:00.0,1,1,2021-09-17 20:34:55.0
368,792,Mẹ Cherry_Xin chào thiếu tướng ĐN_FLC_TB_122020,N/A,N/A,0,ACT,2020-12-03 11:27:32.0,214,2020-12-03 11:27:32.0,214,792,2000-01-01 00:00:00.0,2200-01-01 00:00:00.0,1,1,2021-09-17 20:34:55.0
369,796,Nguồn gốc tội lỗi_原罪命题,N/A,N/A,0,ACT,2020-12-16 15:49:33.0,214,2020-12-16 15:49:33.0,214,796,2000-01-01 00:00:00.0,2200-01-01 00:00:00.0,1,1,2021-09-17 20:34:55.0
370,798,Ngàn năm tương tư_道家夫夫日常记事,N/A,N/A,0,ACT,2020-12-30 16:22:30.0,214,2020-12-30 16:22:30.0,214,798,2000-01-01 00:00:00.0,2200-01-01 00:00:00.0,1,1,2021-09-17 20:34:55.0
371,801,Half_Ngàn năm TT_FLC_TB_012021,N/A,N/A,0,ACT,2020-12-30 16:23:27.0,214,2020-12-30 16:31:33.0,214,801,2000-01-01 00:00:00.0,2200-01-01 00:00:00.0,1,1,2021-09-17 20:34:55.0
372,802,Làm màu ký_男神的装逼日常,N/A,N/A,0,ACT,2020-12-30 16:25:30.0,214,2020-12-30 16:25:30.0,214,802,2000-01-01 00:00:00.0,2200-01-01 00:00:00.0,1,1,2021-09-17 20:34:55.0
373,805,QueenieQ_Làm màu ký_FLC_TB_012021,N/A,N/A,0,ACT,2020-12-30 16:26:00.0,214,2020-12-30 16:26:00.0,214,805,2000-01-01 00:00:00.0,2200-01-01 00:00:00.0,1,1,2021-09-17 20:34:55.0
374,808,LingLan_Bà Bùi EĐKH_FLC_TB_022021,N/A,N/A,0,ACT,2021-02-04 16:36:37.0,214,2021-03-18 09:33:27.0,214,808,2000-01-01 00:00:00.0,2200-01-01 00:00:00.0,1,1,2021-09-17 20:34:55.0
375,811,"Bà Bùi, em đã kết hôn_裴太太你已婚",N/A,N/A,0,ACT,2021-02-04 16:38:02.0,214,2021-02-04 16:38:02.0,214,811,2000-01-01 00:00:00.0,2200-01-01 00:00:00.0,1,1,2021-09-17 20:34:55.0
376,814,Rung cảm từ em_他从地狱里来,N/A,N/A,0,ACT,2021-04-01 16:17:59.0,214,2021-04-01 16:18:55.0,214,814,2000-01-01 00:00:00.0,2200-01-01 00:00:00.0,1,1,2021-09-17 20:34:55.0
377,817,Siêu cấp cưng chiều_致命偏宠,N/A,N/A,0,ACT,2021-04-01 16:18:36.0,214,2021-04-01 16:18:36.0,214,817,2000-01-01 00:00:00.0,2200-01-01 00:00:00.0,1,1,2021-09-17 20:34:55.0
378,820,Hàn Vũ Phi_Rung cảm TE_FLC_BL_042021,N/A,N/A,0,ACT,2021-04-01 16:20:26.0,214,2021-04-01 16:20:26.0,214,820,2000-01-01 00:00:00.0,2200-01-01 00:00:00.0,1,1,2021-09-17 20:34:55.0
379,822,5CE_Siêu cấp CC_FLC_TB_042021,N/A,N/A,0,ACT,2021-04-01 16:21:10.0,214,2021-04-01 16:21:10.0,214,822,2000-01-01 00:00:00.0,2200-01-01 00:00:00.0,1,1,2021-09-17 20:34:55.0
380,825,Yêu nhau rồi cũng trở về với nhau_致朝与暮,N/A,N/A,0,ACT,2021-06-02 18:21:22.0,214,2021-06-02 18:21:22.0,214,825,2000-01-01 00:00:00.0,2200-01-01 00:00:00.0,1,1,2021-09-17 20:34:55.0
381,826,Vợ yêu là đại lão_原来夫人才是最强大佬,N/A,N/A,0,ACT,2021-06-05 01:50:04.0,214,2021-06-05 01:50:04.0,214,826,2000-01-01 00:00:00.0,2200-01-01 00:00:00.0,1,1,2021-09-17 20:34:55.0
382,828,Legendary_Vợ yêu là ĐL_FLC_TB_062021,N/A,N/A,0,ACT,2021-06-05 01:51:13.0,214,2021-06-05 01:51:13.0,214,828,2000-01-01 00:00:00.0,2200-01-01 00:00:00.0,1,1,2021-09-17 20:34:55.0
383,829,Dệt ngân hà cho em_乔先生的黑月光,N/A,N/A,0,ACT,2021-06-11 08:05:08.0,214,2021-06-11 08:05:08.0,214,829,2000-01-01 00:00:00.0,2200-01-01 00:00:00.0,1,1,2021-09-17 20:34:56.0
384,832,Harley_Dệt ngân hà CE_FLC_TB_062021,N/A,N/A,0,ACT,2021-06-11 08:06:27.0,214,2021-06-11 08:06:27.0,214,832,2000-01-01 00:00:00.0,2200-01-01 00:00:00.0,1,1,2021-09-17 20:34:56.0
385,835,Bỉ Ngạn đơm hương_娘子万安,N/A,N/A,0,ACT,2021-06-11 08:42:36.0,214,2021-06-11 08:42:36.0,214,835,2000-01-01 00:00:00.0,2200-01-01 00:00:00.0,1,1,2021-09-17 20:34:56.0
386,838,Trêu chọc vượt giới_越界招惹,N/A,N/A,0,ACT,2021-06-15 07:41:06.0,214,2021-06-15 07:41:06.0,214,838,2000-01-01 00:00:00.0,2200-01-01 00:00:00.0,1,1,2021-09-17 20:34:56.0
387,849,Ngọa Lan,N/A,N/A,0,ACT,2021-07-13 10:50:45.0,214,2021-07-13 10:50:45.0,214,849,2000-01-01 00:00:00.0,2200-01-01 00:00:00.0,1,1,2021-09-17 20:34:56.0
388,850,Trấn Hồn quan_暗夜夫宠之司君要命,N/A,N/A,0,ACT,2021-07-23 08:09:14.0,214,2021-07-23 08:09:14.0,214,850,2000-01-01 00:00:00.0,2200-01-01 00:00:00.0,1,1,2021-09-17 20:34:56.0
389,853,Nguyễn Thành Nhân,N/A,N/A,0,ACT,2021-07-23 21:41:42.0,214,2021-07-23 21:41:42.0,214,853,2000-01-01 00:00:00.0,2200-01-01 00:00:00.0,1,1,2021-09-17 20:34:56.0
390,855,Cung đấu không bằng về vườn_锦乡里,N/A,N/A,0,ACT,2021-08-03 22:24:19.0,214,2021-08-03 22:24:19.0,214,855,2000-01-01 00:00:00.0,2200-01-01 00:00:00.0,1,1,2021-09-17 20:34:56.0
391,858,Yêu em 3000 lần_人间不及你眉眼,N/A,N/A,0,ACT,2021-08-10 16:20:17.0,214,2021-08-10 16:20:17.0,214,858,2000-01-01 00:00:00.0,2200-01-01 00:00:00.0,1,1,2021-09-17 20:34:56.0
392,861,Kỳ thi chết chóc_魔鬼考卷,N/A,N/A,0,ACT,2021-08-13 17:58:54.0,214,2021-08-13 17:58:54.0,214,861,2000-01-01 00:00:00.0,2200-01-01 00:00:00.0,1,1,2021-09-17 20:34:56.0
393,862,Phạm Hoàng Phương Thảo_Kỳ thi CC_FLC_TB_082021,N/A,N/A,0,ACT,2021-08-13 18:01:21.0,214,2021-08-13 19:10:48.0,214,862,2000-01-01 00:00:00.0,2200-01-01 00:00:00.0,1,1,2021-09-17 20:34:56.0
394,865,Ngô An Kha,N/A,N/A,0,ACT,2021-08-17 17:20:04.0,214,2021-08-17 17:20:04.0,214,865,2000-01-01 00:00:00.0,2200-01-01 00:00:00.0,1,1,2021-09-17 20:34:56.0
395,868,Một ngày của tôi có 48 giờ_我的一天有48小时,N/A,N/A,0,ACT,2021-09-02 13:19:00.0,214,2021-09-02 13:19:00.0,214,868,2000-01-01 00:00:00.0,2200-01-01 00:00:00.0,1,1,2021-09-17 20:34:56.0
396,871,Lãng Nhân Môn_Một ngày CTC48G_FLC_TB_092021,N/A,N/A,0,ACT,2021-09-02 13:20:16.0,214,2021-09-02 13:20:16.0,214,871,2000-01-01 00:00:00.0,2200-01-01 00:00:00.0,1,1,2021-09-17 20:34:56.0
397,873,ThBooks,N/A,N/A,0,ACT,2021-09-06 10:01:22.0,214,2021-09-06 10:01:22.0,214,873,2000-01-01 00:00:00.0,2200-01-01 00:00:00.0,1,1,2021-09-17 20:34:56.0
100,116,Trần Hưởng,N/A,N/A,0,ACT,2017-08-07 09:48:04.0,214,2018-11-02 09:30:32.0,214,116,2000-01-01 00:00:00.0,2200-01-01 00:00:00.0,1,1,2018-11-02 11:21:15.0
101,22,IGroup,N/A,N/A,0,ACT,2015-11-02 14:09:02.0,214,2018-11-02 09:42:18.0,214,22,2000-01-01 00:00:00.0,2200-01-01 00:00:00.0,1,1,2018-11-02 11:21:15.0
102,221,Thánh Thiên Tiên Vực_FLC,N/A,N/A,0,ACT,2018-12-03 17:34:30.0,214,2018-12-19 18:07:46.0,214,221,2000-01-01 00:00:00.0,2200-01-01 00:00:00.0,1,1,2018-12-19 23:21:15.0
103,224,Bổ Thiên Ký_补天记,N/A,N/A,0,ACT,2018-12-03 17:34:53.0,214,2018-12-19 17:54:32.0,214,224,2000-01-01 00:00:00.0,2200-01-01 00:00:00.0,1,1,2018-12-19 23:21:15.0
104,227,Vũ Ngọc Anh_FLC,N/A,N/A,0,ACT,2018-12-05 08:58:11.0,214,2018-12-19 18:07:39.0,214,227,2000-01-01 00:00:00.0,2200-01-01 00:00:00.0,1,1,2018-12-19 23:21:15.0
105,230,Fulybook_FLC,N/A,N/A,0,ACT,2018-12-07 09:21:52.0,214,2019-04-01 09:24:34.0,214,230,2000-01-01 00:00:00.0,2200-01-01 00:00:00.0,1,1,2019-04-17 14:55:06.0
106,231,Vợ boss là công chúa_甜心V5：BOSS宠之过急,N/A,N/A,0,ACT,2018-12-07 17:34:25.0,214,2018-12-19 17:39:11.0,214,231,2000-01-01 00:00:00.0,2200-01-01 00:00:00.0,1,1,2018-12-19 23:21:15.0
107,233,Nhặt được Vương phi tham tiền_且把年华赠天下,N/A,N/A,0,ACT,2018-12-14 17:54:11.0,214,2018-12-19 17:53:54.0,214,233,2000-01-01 00:00:00.0,2200-01-01 00:00:00.0,1,1,2018-12-19 23:21:15.0
108,236,Duyệt Văn_Yuewen,N/A,N/A,0,ACT,2018-12-18 14:55:08.0,214,2018-12-19 17:33:32.0,214,236,2000-01-01 00:00:00.0,2200-01-01 00:00:00.0,1,1,2021-09-17 20:34:54.0
109,239,Loan,N/A,N/A,0,ACT,2018-12-19 17:33:10.0,214,2018-12-20 07:47:55.0,214,239,2000-01-01 00:00:00.0,2200-01-01 00:00:00.0,1,1,2018-12-20 11:21:15.0
110,228,Nhóm Flash_FLC,N/A,N/A,0,ACT,2018-12-05 14:05:04.0,214,2019-05-10 08:37:11.0,214,228,2000-01-01 00:00:00.0,2200-01-01 00:00:00.0,1,1,2019-05-10 11:21:12.0
111,242,Tiếu thương khung_一生一世笑苍穹,N/A,N/A,0,ACT,2018-12-21 16:55:36.0,214,2019-01-10 13:51:37.0,214,242,2000-01-01 00:00:00.0,2200-01-01 00:00:00.0,1,1,2019-01-13 11:21:15.0
112,245,Gặp đúng lúc yêu đúng người_甜蜜暴击：我的恋爱时光,N/A,N/A,0,ACT,2019-01-14 14:18:28.0,214,2019-03-11 16:04:29.0,214,245,2000-01-01 00:00:00.0,2200-01-01 00:00:00.0,1,1,2019-04-17 14:55:06.0
113,252,Thiên Thanh_FLC,N/A,N/A,0,ACT,2019-01-20 09:16:39.0,214,2019-01-20 09:16:39.0,214,252,2000-01-01 00:00:00.0,2200-01-01 00:00:00.0,1,1,2019-01-20 11:21:16.0
114,247,Phường Trà Sữa_FLC,N/A,N/A,0,ACT,2019-01-14 14:19:20.0,214,2019-01-23 11:33:56.0,214,247,2000-01-01 00:00:00.0,2200-01-01 00:00:00.0,1,1,2019-01-23 23:21:16.0
115,255,Tiên Huyền_FLC,N/A,N/A,0,ACT,2019-01-30 09:28:57.0,214,2019-01-30 09:29:31.0,214,255,2000-01-01 00:00:00.0,2200-01-01 00:00:00.0,1,1,2019-02-15 23:21:23.0
116,257,Nhật ký trở thành boss thời mạt thế_ 末世BOSS养成攻略,N/A,N/A,0,ACT,2019-01-30 09:32:43.0,214,2019-01-30 09:32:43.0,214,257,2000-01-01 00:00:00.0,2200-01-01 00:00:00.0,1,1,2019-02-15 23:21:23.0
117,259,Đám cưới hào môn_豪门顶级盛婚,N/A,N/A,0,ACT,2019-03-01 15:21:16.0,214,2019-03-01 15:21:16.0,214,259,2000-01-01 00:00:00.0,2200-01-01 00:00:00.0,1,1,2019-03-01 23:21:16.0
118,262,Cưng chiều cô vợ đanh đá_甜宠贴身辣妻,N/A,N/A,0,ACT,2019-04-11 16:39:11.0,214,2020-01-03 15:34:51.0,214,262,2000-01-01 00:00:00.0,2200-01-01 00:00:00.0,1,1,2021-09-17 20:34:54.0
119,263,Tú An_FLC,N/A,N/A,0,ACT,2019-04-11 16:39:59.0,214,2019-04-11 16:39:59.0,214,263,2000-01-01 00:00:00.0,2200-01-01 00:00:00.0,1,1,2019-04-17 14:55:06.0
120,269,Hứa với em một đời hoa nở_中华铅笔,N/A,N/A,0,ACT,2019-05-15 14:13:10.0,214,2019-05-15 14:13:10.0,214,269,2000-01-01 00:00:00.0,2200-01-01 00:00:00.0,1,1,2019-06-19 23:21:17.0
121,266,Vân Linh San_FLC,N/A,N/A,0,ACT,2019-05-15 14:11:25.0,214,2019-05-15 14:13:38.0,214,266,2000-01-01 00:00:00.0,2200-01-01 00:00:00.0,1,1,2019-06-19 23:21:17.0
122,270,Jasmine Milk Tea_FLC,N/A,N/A,0,ACT,2019-06-03 17:34:26.0,214,2019-06-03 17:34:26.0,214,270,2000-01-01 00:00:00.0,2200-01-01 00:00:00.0,1,1,2019-06-19 23:21:17.0
123,272,Văn phòng Phấn Hồng_粉色事务所,N/A,N/A,0,ACT,2019-06-10 13:38:03.0,214,2019-06-11 08:10:39.0,214,272,2000-01-01 00:00:00.0,2200-01-01 00:00:00.0,1,1,2019-06-19 23:21:17.0
124,275,Ấn Công Đức_功德印,N/A,N/A,0,ACT,2019-06-24 09:50:11.0,214,2019-07-01 16:01:45.0,214,275,2000-01-01 00:00:00.0,2200-01-01 00:00:00.0,1,1,2019-07-01 23:21:10.0
125,276,Harley_FLC,N/A,N/A,0,ACT,2019-06-25 17:35:37.0,214,2019-06-25 17:35:37.0,214,276,2000-01-01 00:00:00.0,2200-01-01 00:00:00.0,1,1,2019-06-25 23:21:09.0
126,279,Thiên kim báo thù_亿万甜宠:悍妻太撩人,N/A,N/A,0,ACT,2019-06-28 17:07:23.0,214,2019-06-28 17:07:23.0,214,279,2000-01-01 00:00:00.0,2200-01-01 00:00:00.0,1,1,2019-06-28 23:21:09.0
127,282,Nữ vương thời thượng 重生之时尚女王,N/A,N/A,0,ACT,2019-07-05 17:29:49.0,214,2019-07-05 17:29:49.0,214,282,2000-01-01 00:00:00.0,2200-01-01 00:00:00.0,1,1,2019-07-11 23:21:12.0
128,283,Nhóm dịch 1,N/A,N/A,0,ACT,2019-07-10 14:51:07.0,214,2019-07-10 14:51:21.0,214,283,2000-01-01 00:00:00.0,2200-01-01 00:00:00.0,1,1,2019-07-11 23:21:12.0
129,285,Test_NhomBanLe1,N/A,N/A,0,ACT,2019-07-10 15:27:45.0,214,2019-07-10 15:28:10.0,214,285,2000-01-01 00:00:00.0,2200-01-01 00:00:00.0,1,1,2019-07-11 23:21:12.0
130,288,Nhóm Mê Truyện_FLC,N/A,N/A,0,ACT,2019-07-11 16:24:07.0,214,2019-07-11 16:24:07.0,214,288,2000-01-01 00:00:00.0,2200-01-01 00:00:00.0,1,1,2019-07-12 11:21:08.0
131,289,Điệp viên kỳ quái_诡谍,N/A,N/A,0,ACT,2019-07-11 16:24:41.0,214,2019-07-11 16:24:41.0,214,289,2000-01-01 00:00:00.0,2200-01-01 00:00:00.0,1,1,2019-07-12 11:21:08.0
132,292,Legendary_FLC,N/A,N/A,0,ACT,2019-07-31 08:53:18.0,214,2019-09-18 08:52:32.0,214,292,2000-01-01 00:00:00.0,2200-01-01 00:00:00.0,1,1,2021-09-17 20:34:54.0
133,295,Nhất Thế Thanh Xuân_FLC,N/A,N/A,0,ACT,2019-07-31 12:01:09.0,214,2019-07-31 12:01:09.0,214,295,2000-01-01 00:00:00.0,2200-01-01 00:00:00.0,1,1,2019-08-02 11:21:12.0
134,305,Hà Diệp Dư_FLC,N/A,N/A,0,ACT,2019-07-31 12:03:03.0,214,2019-07-31 12:03:03.0,214,305,2000-01-01 00:00:00.0,2200-01-01 00:00:00.0,1,1,2019-08-02 11:21:12.0
135,329,Cửa tiệm Trường Sinh_长生店,N/A,N/A,0,ACT,2019-08-01 10:51:57.0,214,2019-08-01 10:51:57.0,214,329,2000-01-01 00:00:00.0,2200-01-01 00:00:00.0,1,1,2019-08-02 11:21:12.0
136,341,Sổ tay tâm thần phân liệt_精分养成手册,N/A,N/A,0,ACT,2019-08-01 10:53:57.0,214,2019-08-01 10:53:57.0,214,341,2000-01-01 00:00:00.0,2200-01-01 00:00:00.0,1,1,2019-08-02 11:21:12.0
137,361,Thú trấn mộ_镇墓兽,N/A,N/A,0,ACT,2019-08-01 17:33:00.0,214,2019-08-01 17:33:00.0,214,361,2000-01-01 00:00:00.0,2200-01-01 00:00:00.0,1,1,2019-08-02 11:21:12.0
138,42,Tạp chí Nhà Văn và Tác Phẩm,N/A,N/A,0,ACT,2015-11-02 15:47:45.0,214,2018-11-02 09:45:26.0,214,42,2000-01-01 00:00:00.0,2200-01-01 00:00:00.0,1,1,2021-09-17 20:34:54.0
139,49,Liên Việt,N/A,N/A,0,ACT,2015-11-02 16:26:16.0,214,2018-11-02 09:45:48.0,214,49,2000-01-01 00:00:00.0,2200-01-01 00:00:00.0,1,1,2021-09-17 20:34:54.0
140,52,Hà Thế,N/A,N/A,0,ACT,2015-11-02 16:26:24.0,214,2018-11-02 09:50:21.0,214,52,2000-01-01 00:00:00.0,2200-01-01 00:00:00.0,1,1,2021-09-17 20:34:54.0
141,53,Amazon,N/A,N/A,0,ACT,2015-11-02 16:26:38.0,214,2018-11-02 09:46:34.0,214,53,2000-01-01 00:00:00.0,2200-01-01 00:00:00.0,1,1,2021-09-17 20:34:54.0
142,56,YouBooks,N/A,N/A,0,ACT,2015-11-02 16:26:46.0,214,2018-11-02 09:46:37.0,214,56,2000-01-01 00:00:00.0,2200-01-01 00:00:00.0,1,1,2021-09-17 20:34:54.0
143,238,Chineseall_17k,N/A,N/A,0,ACT,2018-12-19 17:32:49.0,214,2018-12-19 17:32:49.0,214,238,2000-01-01 00:00:00.0,2200-01-01 00:00:00.0,1,1,2021-09-17 20:34:54.0
144,241,Changdu,N/A,N/A,0,ACT,2018-12-20 14:54:08.0,214,2018-12-20 14:54:08.0,214,241,2000-01-01 00:00:00.0,2200-01-01 00:00:00.0,1,1,2021-09-17 20:34:54.0
145,243,Thịnh thế hôn nhân_盛世婚宠,N/A,N/A,0,ACT,2019-01-14 14:17:56.0,214,2019-01-14 14:17:56.0,214,243,2000-01-01 00:00:00.0,2200-01-01 00:00:00.0,1,1,2021-09-17 20:34:54.0
146,258,Dưa Bở_FLC,N/A,N/A,0,ACT,2019-03-01 15:13:27.0,214,2019-03-01 15:13:27.0,214,258,2000-01-01 00:00:00.0,2200-01-01 00:00:00.0,1,1,2021-09-17 20:34:54.0
147,274,Alibaba Literature,N/A,N/A,0,ACT,2019-06-11 08:10:20.0,214,2019-06-11 08:10:20.0,214,274,2000-01-01 00:00:00.0,2200-01-01 00:00:00.0,1,1,2021-09-17 20:34:54.0
148,294,Bồ Đào Tửu_FLC,N/A,N/A,0,ACT,2019-07-31 11:58:26.0,214,2019-07-31 11:58:26.0,214,294,2000-01-01 00:00:00.0,2200-01-01 00:00:00.0,1,1,2021-09-17 20:34:54.0
149,298,Củ Cải Trắng_FLC,N/A,N/A,0,ACT,2019-07-31 12:01:43.0,214,2019-07-31 12:01:43.0,214,298,2000-01-01 00:00:00.0,2200-01-01 00:00:00.0,1,1,2021-09-17 20:34:54.0
150,301,Ngọc Dung_FLC,N/A,N/A,0,ACT,2019-07-31 12:02:09.0,214,2019-07-31 12:02:09.0,214,301,2000-01-01 00:00:00.0,2200-01-01 00:00:00.0,1,1,2021-09-17 20:34:55.0
151,302,Tenten_FLC,N/A,N/A,0,ACT,2019-07-31 12:02:33.0,214,2019-07-31 12:02:33.0,214,302,2000-01-01 00:00:00.0,2200-01-01 00:00:00.0,1,1,2021-09-17 20:34:55.0
152,306,Mốc_FLC,N/A,N/A,0,ACT,2019-07-31 12:03:27.0,214,2019-07-31 12:03:27.0,214,306,2000-01-01 00:00:00.0,2200-01-01 00:00:00.0,1,1,2021-09-17 20:34:55.0
153,308,Chanh leo_FLC,N/A,N/A,0,ACT,2019-07-31 12:04:01.0,214,2019-07-31 12:04:01.0,214,308,2000-01-01 00:00:00.0,2200-01-01 00:00:00.0,1,1,2021-09-17 20:34:55.0
154,311,Bối Nguyệt Nha_FLC,N/A,N/A,0,ACT,2019-07-31 12:04:28.0,214,2019-07-31 12:04:28.0,214,311,2000-01-01 00:00:00.0,2200-01-01 00:00:00.0,1,1,2021-09-17 20:34:55.0
155,314,Tử Hồng Miên_FLC,N/A,N/A,0,ACT,2019-07-31 12:04:58.0,214,2019-07-31 12:04:58.0,214,314,2000-01-01 00:00:00.0,2200-01-01 00:00:00.0,1,1,2021-09-17 20:34:55.0
156,316,Danbi_FLC,N/A,N/A,0,ACT,2019-07-31 12:05:22.0,214,2019-07-31 12:05:22.0,214,316,2000-01-01 00:00:00.0,2200-01-01 00:00:00.0,1,1,2021-09-17 20:34:55.0
157,317,Hoài Thương_FLC,N/A,N/A,0,ACT,2019-07-31 12:06:16.0,214,2019-07-31 12:06:16.0,214,317,2000-01-01 00:00:00.0,2200-01-01 00:00:00.0,1,1,2021-09-17 20:34:55.0
158,318,Heaven Zhang_FLC,N/A,N/A,0,ACT,2019-07-31 12:06:48.0,214,2019-07-31 12:06:48.0,214,318,2000-01-01 00:00:00.0,2200-01-01 00:00:00.0,1,1,2021-09-17 20:34:55.0
159,321,Nam thần khó theo đuổi_重回三岁撩男神,N/A,N/A,0,ACT,2019-08-01 10:49:58.0,214,2019-08-01 10:49:58.0,214,321,2000-01-01 00:00:00.0,2200-01-01 00:00:00.0,1,1,2021-09-17 20:34:55.0
160,324,Phi tử điên cuồng: Huyễn linh sư cực phẩm_废材狂妃：极品幻灵师,N/A,N/A,0,ACT,2019-08-01 10:51:00.0,214,2019-08-01 10:51:00.0,214,324,2000-01-01 00:00:00.0,2200-01-01 00:00:00.0,1,1,2021-09-17 20:34:55.0
161,327,Bạn gái tôi là mèo_我的女友是只猫,N/A,N/A,0,ACT,2019-08-01 10:51:26.0,214,2019-08-01 10:51:26.0,214,327,2000-01-01 00:00:00.0,2200-01-01 00:00:00.0,1,1,2021-09-17 20:34:55.0
162,332,Mỹ nhân quạt hợp hoan_团扇美人,N/A,N/A,0,ACT,2019-08-01 10:52:18.0,214,2019-08-01 10:52:18.0,214,332,2000-01-01 00:00:00.0,2200-01-01 00:00:00.0,1,1,2021-09-17 20:34:55.0
163,333,Yêu đương không đứng đắn_不正经恋爱,N/A,N/A,0,ACT,2019-08-01 10:52:46.0,214,2019-08-01 10:52:46.0,214,333,2000-01-01 00:00:00.0,2200-01-01 00:00:00.0,1,1,2021-09-17 20:34:55.0
164,335,"Hoàng đế là ""chó độc thân""_皇帝是条单身狗",N/A,N/A,0,ACT,2019-08-01 10:53:07.0,214,2019-08-01 10:53:07.0,214,335,2000-01-01 00:00:00.0,2200-01-01 00:00:00.0,1,1,2021-09-17 20:34:55.0
165,338,Nghề làm mẹ_全职妈妈向前冲,N/A,N/A,0,ACT,2019-08-01 10:53:29.0,214,2019-08-01 10:53:29.0,214,338,2000-01-01 00:00:00.0,2200-01-01 00:00:00.0,1,1,2021-09-17 20:34:55.0
166,342,Huống hồ tuổi xuân đang tàn úa_况是青春日将暮,N/A,N/A,0,ACT,2019-08-01 10:54:19.0,214,2019-08-01 10:54:19.0,214,342,2000-01-01 00:00:00.0,2200-01-01 00:00:00.0,1,1,2021-09-17 20:34:55.0
167,345,Gái già muốn lấy chồng_娇妻狂想娶,N/A,N/A,0,ACT,2019-08-01 10:54:38.0,214,2019-08-01 10:54:38.0,214,345,2000-01-01 00:00:00.0,2200-01-01 00:00:00.0,1,1,2021-09-17 20:34:55.0
168,346,Hoa hồng trắng_洛丽玛丝玫瑰,N/A,N/A,0,ACT,2019-08-01 10:54:58.0,214,2019-08-01 10:54:58.0,214,346,2000-01-01 00:00:00.0,2200-01-01 00:00:00.0,1,1,2021-09-17 20:34:55.0
169,347,Sơ Cửu của Lục Hào_六爻之初九,N/A,N/A,0,ACT,2019-08-01 10:55:19.0,214,2019-08-01 10:55:19.0,214,347,2000-01-01 00:00:00.0,2200-01-01 00:00:00.0,1,1,2021-09-17 20:34:55.0
170,349,Ảnh đế thị phi_影帝黑料有点多,N/A,N/A,0,ACT,2019-08-01 10:55:45.0,214,2019-08-01 10:55:45.0,214,349,2000-01-01 00:00:00.0,2200-01-01 00:00:00.0,1,1,2021-09-17 20:34:55.0
171,350,"Tán đi, khắc đổ_撩我我就从了你",N/A,N/A,0,ACT,2019-08-01 10:57:41.0,214,2019-08-01 10:57:41.0,214,350,2000-01-01 00:00:00.0,2200-01-01 00:00:00.0,1,1,2021-09-17 20:34:55.0
172,353,Cái bẫy dài hơi của ảnh đế_影帝的最长套路,N/A,N/A,0,ACT,2019-08-01 10:58:54.0,214,2019-08-01 10:58:54.0,214,353,2000-01-01 00:00:00.0,2200-01-01 00:00:00.0,1,1,2021-09-17 20:34:55.0
173,354,Dược sư trùng sinh năm 1979_重生七九之财貌双全,N/A,N/A,0,ACT,2019-08-01 10:59:23.0,214,2019-08-01 10:59:23.0,214,354,2000-01-01 00:00:00.0,2200-01-01 00:00:00.0,1,1,2021-09-17 20:34:55.0
174,357,Uông Xưởng Công_春闺秘录：厂公太撩人,N/A,N/A,0,ACT,2019-08-01 11:00:06.0,214,2019-08-01 11:00:06.0,214,357,2000-01-01 00:00:00.0,2200-01-01 00:00:00.0,1,1,2021-09-17 20:34:55.0
175,358,Hội chứng không kết hôn_不婚症候群,N/A,N/A,0,ACT,2019-08-01 11:00:43.0,214,2019-08-01 11:00:43.0,214,358,2000-01-01 00:00:00.0,2200-01-01 00:00:00.0,1,1,2021-09-17 20:34:55.0
176,364,Cưng chiều cô vợ quân nhân_病少枭宠纨绔军妻,N/A,N/A,0,ACT,2019-08-20 17:21:52.0,214,2019-11-19 09:33:11.0,214,364,2000-01-01 00:00:00.0,2200-01-01 00:00:00.0,1,1,2021-09-17 20:34:55.0
177,367,China Lit,N/A,N/A,0,ACT,2019-08-21 16:31:48.0,214,2019-08-21 16:31:48.0,214,367,2000-01-01 00:00:00.0,2200-01-01 00:00:00.0,1,1,2021-09-17 20:34:55.0
178,369,Tu chân liêu thiên quần_修真聊天群,N/A,N/A,0,ACT,2019-08-21 16:43:55.0,214,2019-08-21 16:43:55.0,214,369,2000-01-01 00:00:00.0,2200-01-01 00:00:00.0,1,1,2021-09-17 20:34:55.0
179,370,Bảo bối giá trên trời_天价宝贝：爹地，超给力！,N/A,N/A,0,ACT,2019-08-21 16:45:18.0,214,2019-08-21 16:45:18.0,214,370,2000-01-01 00:00:00.0,2200-01-01 00:00:00.0,1,1,2021-09-17 20:34:55.0
180,373,Gió ấm không bằng anh thâm tình_暖风不及你情深,N/A,N/A,0,ACT,2019-09-03 11:43:55.0,214,2019-09-03 11:43:55.0,214,373,2000-01-01 00:00:00.0,2200-01-01 00:00:00.0,1,1,2021-09-17 20:34:55.0
181,376,Duy nhất là em_暗黑系暖婚,N/A,N/A,0,ACT,2019-09-03 11:44:23.0,214,2019-09-03 11:44:23.0,214,376,2000-01-01 00:00:00.0,2200-01-01 00:00:00.0,1,1,2021-09-17 20:34:55.0
182,379,Siêu thần cơ giới sư_超神机械师,N/A,N/A,0,ACT,2019-09-03 11:44:53.0,214,2019-09-03 11:44:53.0,214,379,2000-01-01 00:00:00.0,2200-01-01 00:00:00.0,1,1,2021-09-17 20:34:55.0
183,382,Thanh xuân bắt đầu từ khi gặp anh_青春从遇见他开始,N/A,N/A,0,ACT,2019-09-03 11:45:28.0,214,2019-09-03 11:45:28.0,214,382,2000-01-01 00:00:00.0,2200-01-01 00:00:00.0,1,1,2021-09-17 20:34:55.0
184,385,Siêu cấp gen thần_超级神基因,N/A,N/A,0,ACT,2019-09-03 11:45:57.0,214,2019-09-03 11:45:57.0,214,385,2000-01-01 00:00:00.0,2200-01-01 00:00:00.0,1,1,2021-09-17 20:34:55.0
185,387,Thiên hậu trở về_重生娱乐圈：天后归来,N/A,N/A,0,ACT,2019-09-03 11:46:27.0,214,2019-09-03 11:46:27.0,214,387,2000-01-01 00:00:00.0,2200-01-01 00:00:00.0,1,1,2021-09-17 20:34:55.0
186,388,Triệu hoán mộng yểm_召唤梦魇,N/A,N/A,0,ACT,2019-09-03 11:46:54.0,214,2019-09-03 11:46:54.0,214,388,2000-01-01 00:00:00.0,2200-01-01 00:00:00.0,1,1,2021-09-17 20:34:55.0
187,391,Tôi là trùm đứng sau màn_我是幕后大佬,N/A,N/A,0,ACT,2019-09-03 11:47:30.0,214,2019-09-03 11:47:30.0,214,391,2000-01-01 00:00:00.0,2200-01-01 00:00:00.0,1,1,2021-09-17 20:34:55.0
188,393,Thời đại game quật khởi_重启游戏时代,N/A,N/A,0,ACT,2019-09-03 11:47:52.0,214,2019-09-03 11:47:52.0,214,393,2000-01-01 00:00:00.0,2200-01-01 00:00:00.0,1,1,2021-09-17 20:34:55.0
189,394,Ngài Cố thân mến_我亲爱的顾先生,N/A,N/A,0,ACT,2019-09-03 11:48:25.0,214,2019-09-03 11:48:25.0,214,394,2000-01-01 00:00:00.0,2200-01-01 00:00:00.0,1,1,2021-09-17 20:34:55.0
190,395,Luận kiếm toàn cầu_全球论剑,N/A,N/A,0,ACT,2019-09-03 11:49:12.0,214,2019-09-03 11:49:12.0,214,395,2000-01-01 00:00:00.0,2200-01-01 00:00:00.0,1,1,2021-09-17 20:34:55.0
191,398,Cục cưng ôm cái nào_恶魔吻上瘾：甜心，抱一抱,N/A,N/A,0,ACT,2019-09-03 11:49:42.0,214,2019-09-03 11:49:49.0,214,398,2000-01-01 00:00:00.0,2200-01-01 00:00:00.0,1,1,2021-09-17 20:34:55.0
192,401,Y phẩm phong hoa_医品风华,N/A,N/A,0,ACT,2019-09-03 11:50:21.0,214,2019-09-03 11:50:21.0,214,401,2000-01-01 00:00:00.0,2200-01-01 00:00:00.0,1,1,2021-09-17 20:34:55.0
193,403,Tiểu thư thần toán_神算大小姐,N/A,N/A,0,ACT,2019-09-03 11:50:44.0,214,2019-09-03 11:50:44.0,214,403,2000-01-01 00:00:00.0,2200-01-01 00:00:00.0,1,1,2021-09-17 20:34:55.0
194,406,Tam thốn nhân gian_三寸人间,N/A,N/A,0,ACT,2019-09-03 11:51:41.0,214,2019-09-03 11:51:41.0,214,406,2000-01-01 00:00:00.0,2200-01-01 00:00:00.0,1,1,2021-09-17 20:34:55.0
195,407,Khu vui chơi đáng sợ_惊悚乐园,N/A,N/A,0,ACT,2019-09-03 16:08:03.0,214,2019-09-03 16:08:03.0,214,407,2000-01-01 00:00:00.0,2200-01-01 00:00:00.0,1,1,2021-09-17 20:34:55.0
196,410,Quậy Tung Hogwarts_舌尖上的霍格沃茨,N/A,N/A,0,ACT,2019-09-03 16:08:30.0,214,2019-09-03 16:08:30.0,214,410,2000-01-01 00:00:00.0,2200-01-01 00:00:00.0,1,1,2021-09-17 20:34:55.0
197,412,Hệ thống quán net_系统的黑科技网吧,N/A,N/A,0,ACT,2019-09-03 16:09:18.0,214,2019-09-03 16:09:18.0,214,412,2000-01-01 00:00:00.0,2200-01-01 00:00:00.0,1,1,2021-09-17 20:34:55.0
198,414,Cuộc đổ bộ của Pokemon_精灵之全球降临,N/A,N/A,0,ACT,2019-09-03 16:09:41.0,214,2019-09-03 16:09:41.0,214,414,2000-01-01 00:00:00.0,2200-01-01 00:00:00.0,1,1,2021-09-17 20:34:55.0
199,416,Em là cả nhân gian của anh_我的人间都是你,N/A,N/A,0,ACT,2019-09-03 16:10:15.0,214,2019-09-03 16:10:15.0,214,416,2000-01-01 00:00:00.0,2200-01-01 00:00:00.0,1,1,2021-09-17 20:34:55.0
200,417,Thiên hậu tiểu thanh mai_天后小青梅：竹马大叔，要抱抱,N/A,N/A,0,ACT,2019-09-03 16:10:49.0,214,2019-09-03 16:10:49.0,214,417,2000-01-01 00:00:00.0,2200-01-01 00:00:00.0,1,1,2021-09-17 20:34:55.0
201,418,Đặc công vườn trường_校园女特工,N/A,N/A,0,ACT,2019-09-03 16:11:22.0,214,2019-09-03 16:11:22.0,214,418,2000-01-01 00:00:00.0,2200-01-01 00:00:00.0,1,1,2021-09-17 20:34:55.0
202,421,Nhất nộ thành tiên_一怒成仙,N/A,N/A,0,ACT,2019-09-03 16:11:49.0,214,2019-09-03 16:11:49.0,214,421,2000-01-01 00:00:00.0,2200-01-01 00:00:00.0,1,1,2021-09-17 20:34:55.0
203,424,Âu thần_欧神,N/A,N/A,0,ACT,2019-09-03 16:12:15.0,214,2019-09-03 16:12:15.0,214,424,2000-01-01 00:00:00.0,2200-01-01 00:00:00.0,1,1,2021-09-17 20:34:55.0
204,426,Xin chào thiếu tướng đại nhân_你好，少将大人,N/A,N/A,0,ACT,2019-09-03 16:12:40.0,214,2019-09-03 16:12:40.0,214,426,2000-01-01 00:00:00.0,2200-01-01 00:00:00.0,1,1,2021-09-17 20:34:55.0
205,427,Vua mua sắm tam giới_三界代购王,N/A,N/A,0,ACT,2019-09-06 23:16:48.0,214,2019-09-06 23:16:48.0,214,427,2000-01-01 00:00:00.0,2200-01-01 00:00:00.0,1,1,2021-09-17 20:34:55.0
206,430,Ánh Mai_FLC,N/A,N/A,0,ACT,2019-09-06 23:17:21.0,214,2019-09-06 23:17:21.0,214,430,2000-01-01 00:00:00.0,2200-01-01 00:00:00.0,1,1,2021-09-17 20:34:55.0
207,432,Bậc thầy thẻ bài_超神制卡师,N/A,N/A,0,ACT,2019-09-09 11:07:04.0,214,2019-09-09 11:07:04.0,214,432,2000-01-01 00:00:00.0,2200-01-01 00:00:00.0,1,1,2021-09-17 20:34:55.0
208,434,Cải Trắng_FLC,N/A,N/A,0,ACT,2019-09-12 08:29:29.0,214,2019-09-12 08:29:29.0,214,434,2000-01-01 00:00:00.0,2200-01-01 00:00:00.0,1,1,2021-09-17 20:34:55.0
209,437,Thịnh Thế Kiều Y_盛世娇医,N/A,N/A,0,ACT,2019-09-12 16:43:20.0,214,2019-09-12 16:43:20.0,214,437,2000-01-01 00:00:00.0,2200-01-01 00:00:00.0,1,1,2021-09-17 20:34:55.0
210,440,Phòng cấp cứu_急诊风云,N/A,N/A,0,ACT,2019-09-13 11:19:49.0,214,2019-09-13 11:19:49.0,214,440,2000-01-01 00:00:00.0,2200-01-01 00:00:00.0,1,1,2021-09-17 20:34:55.0
211,441,Lys_FLC,N/A,N/A,0,ACT,2019-09-13 11:20:09.0,214,2020-07-02 11:05:54.0,214,441,2000-01-01 00:00:00.0,2200-01-01 00:00:00.0,1,1,2021-09-17 20:34:55.0
212,443, Thiên Chi Phẩm_FLC,N/A,N/A,0,ACT,2019-09-30 16:42:32.0,214,2019-09-30 16:42:32.0,214,443,2000-01-01 00:00:00.0,2200-01-01 00:00:00.0,1,1,2021-09-17 20:34:55.0
213,446,Hắc thiên kim_ 黑千金,N/A,N/A,0,ACT,2019-09-30 16:43:16.0,214,2019-09-30 16:43:16.0,214,446,2000-01-01 00:00:00.0,2200-01-01 00:00:00.0,1,1,2021-09-17 20:34:55.0
214,448,Green_FLC,N/A,N/A,0,ACT,2019-10-04 18:55:35.0,214,2019-10-04 18:55:35.0,214,448,2000-01-01 00:00:00.0,2200-01-01 00:00:00.0,1,1,2021-09-17 20:34:55.0
215,449,Nhà cung cấp cẩu lương_ 狗粮供应商,N/A,N/A,0,ACT,2019-10-04 18:57:10.0,214,2019-10-04 18:57:10.0,214,449,2000-01-01 00:00:00.0,2200-01-01 00:00:00.0,1,1,2021-09-17 20:34:55.0
216,452,Thu Thanh Ân_FLC,N/A,N/A,0,ACT,2019-10-09 15:13:03.0,214,2019-10-09 15:13:03.0,214,452,2000-01-01 00:00:00.0,2200-01-01 00:00:00.0,1,1,2021-09-17 20:34:55.0
217,454,LoD_San_FLC,N/A,N/A,0,ACT,2019-10-15 11:06:27.0,214,2019-10-15 11:08:39.0,214,454,2000-01-01 00:00:00.0,2200-01-01 00:00:00.0,1,1,2021-09-17 20:34:55.0
218,455,Ngoạn chủ_玩主,N/A,N/A,0,ACT,2019-10-15 11:07:32.0,214,2019-10-15 11:07:32.0,214,455,2000-01-01 00:00:00.0,2200-01-01 00:00:00.0,1,1,2021-09-17 20:34:55.0
219,458,Zenbooks,N/A,N/A,0,ACT,2019-10-25 09:08:24.0,214,2019-10-25 09:12:09.0,214,458,2000-01-01 00:00:00.0,2200-01-01 00:00:00.0,1,1,2021-09-17 20:34:55.0
220,461,Vương Hằng_FLC,N/A,N/A,0,ACT,2019-11-01 14:53:55.0,214,2019-11-01 14:53:55.0,214,461,2000-01-01 00:00:00.0,2200-01-01 00:00:00.0,1,1,2021-09-17 20:34:55.0
221,463,Nông viên tự cẩm_农园似锦,N/A,N/A,0,ACT,2019-11-01 14:55:22.0,214,2019-11-01 14:55:22.0,214,463,2000-01-01 00:00:00.0,2200-01-01 00:00:00.0,1,1,2021-09-17 20:34:55.0
222,465,Nữ Quyền_FLC,N/A,N/A,0,ACT,2019-11-01 17:50:49.0,214,2019-11-01 17:50:49.0,214,465,2000-01-01 00:00:00.0,2200-01-01 00:00:00.0,1,1,2021-09-17 20:34:55.0
223,468,Ổ đàn bà_ 女人坞,N/A,N/A,0,ACT,2019-11-01 17:53:47.0,214,2019-11-01 17:53:47.0,214,468,2000-01-01 00:00:00.0,2200-01-01 00:00:00.0,1,1,2021-09-17 20:34:55.0
224,469,Thú Lạ_Thịnh thế_FLC,N/A,N/A,0,ACT,2019-11-04 08:21:17.0,214,2019-11-04 08:21:17.0,214,469,2000-01-01 00:00:00.0,2200-01-01 00:00:00.0,1,1,2021-09-17 20:34:55.0
225,471,Kế Phong_FLC,N/A,N/A,0,ACT,2019-11-06 00:16:27.0,214,2019-11-06 00:16:27.0,214,471,2000-01-01 00:00:00.0,2200-01-01 00:00:00.0,1,1,2021-09-17 20:34:55.0
226,472,Cẩm đường quy yến_锦堂归燕,N/A,N/A,0,ACT,2019-11-06 00:17:02.0,214,2019-11-06 00:17:02.0,214,472,2000-01-01 00:00:00.0,2200-01-01 00:00:00.0,1,1,2021-09-17 20:34:55.0
227,474,Trà Đào Mật Ong_FLC,N/A,N/A,0,ACT,2019-11-12 17:42:26.0,214,2019-11-12 17:42:26.0,214,474,2000-01-01 00:00:00.0,2200-01-01 00:00:00.0,1,1,2021-09-17 20:34:55.0
228,476,Tiểu thư hầu phủ_侯门嫡女如珠似宝,N/A,N/A,0,ACT,2019-11-12 17:44:09.0,214,2019-11-12 17:44:09.0,214,476,2000-01-01 00:00:00.0,2200-01-01 00:00:00.0,1,1,2021-09-17 20:34:55.0
229,478,"Ấm áp có em, ngọt ngào có anh_余生有你甜又暖",N/A,N/A,0,ACT,2019-11-15 09:40:14.0,214,2019-11-15 09:40:14.0,214,478,2000-01-01 00:00:00.0,2200-01-01 00:00:00.0,1,1,2021-09-17 20:34:55.0
230,480,Chuyện tình Học viện Tinh tế_星纪元恋爱学院,N/A,N/A,0,ACT,2019-11-25 08:24:03.0,214,2019-11-25 08:24:03.0,214,480,2000-01-01 00:00:00.0,2200-01-01 00:00:00.0,1,1,2021-09-17 20:34:55.0
231,481,COMMUNICATION ASIA,N/A,N/A,0,ACT,2019-12-03 14:58:23.0,214,2019-12-03 14:58:23.0,214,481,2000-01-01 00:00:00.0,2200-01-01 00:00:00.0,1,1,2021-09-17 20:34:55.0
232,483, Nhiếp huyết ngọc - Kỳ án đời Đường_ 唐宫奇案之血玉韘,N/A,N/A,0,ACT,2019-12-11 10:02:16.0,214,2019-12-11 18:28:33.0,214,483,2000-01-01 00:00:00.0,2200-01-01 00:00:00.0,1,1,2021-09-17 20:34:55.0
233,485,Vi Vi_FLC,N/A,N/A,0,ACT,2019-12-11 10:06:43.0,214,2019-12-11 18:26:16.0,214,485,2000-01-01 00:00:00.0,2200-01-01 00:00:00.0,1,1,2021-09-17 20:34:55.0
234,487,Bà Ná Na_FLC,N/A,N/A,0,ACT,2019-12-11 10:47:46.0,214,2019-12-11 10:47:46.0,214,487,2000-01-01 00:00:00.0,2200-01-01 00:00:00.0,1,1,2021-09-17 20:34:55.0
235,489,Sư huynh luôn muốn nở hoa_师兄总是要开花,N/A,N/A,0,ACT,2019-12-11 10:49:29.0,214,2019-12-11 10:49:29.0,214,489,2000-01-01 00:00:00.0,2200-01-01 00:00:00.0,1,1,2021-09-17 20:34:55.0
236,492,Tiếng nói tử thi 1_尸案调查科 系列,N/A,N/A,0,ACT,2019-12-13 10:39:20.0,214,2020-02-20 16:11:21.0,214,492,2000-01-01 00:00:00.0,2200-01-01 00:00:00.0,1,1,2021-09-17 20:34:55.0
237,494,Sputnik,N/A,N/A,0,ACT,2019-12-16 10:04:56.0,214,2019-12-16 10:04:56.0,214,494,2000-01-01 00:00:00.0,2200-01-01 00:00:00.0,1,1,2021-09-17 20:34:55.0
238,495,Tình yêu là lời nói dối của anh 恋爱是你的谎言,N/A,N/A,0,ACT,2020-01-02 15:47:57.0,214,2020-01-02 15:47:57.0,214,495,2000-01-01 00:00:00.0,2200-01-01 00:00:00.0,1,1,2021-09-17 20:34:55.0
239,496,Viên lão quái kỳ án_异侦实录,N/A,N/A,0,ACT,2020-01-03 07:59:40.0,214,2020-01-03 07:59:40.0,214,496,2000-01-01 00:00:00.0,2200-01-01 00:00:00.0,1,1,2021-09-17 20:34:55.0
240,497,Tiệm vịt giang hồ_我们只做正经鸭子,N/A,N/A,0,ACT,2020-01-03 15:35:42.0,214,2020-01-03 15:35:42.0,214,497,2000-01-01 00:00:00.0,2200-01-01 00:00:00.0,1,1,2021-09-17 20:34:55.0
241,498,Đông Phương thần thám_东方神探九录,N/A,N/A,0,ACT,2020-01-06 08:16:23.0,214,2020-01-06 08:16:23.0,214,498,2000-01-01 00:00:00.0,2200-01-01 00:00:00.0,1,1,2021-09-17 20:34:55.0
242,501,Người dấu yêu_暖婚甜入骨,N/A,N/A,0,ACT,2020-02-04 08:21:27.0,214,2020-02-04 08:21:27.0,214,501,2000-01-01 00:00:00.0,2200-01-01 00:00:00.0,1,1,2021-09-17 20:34:55.0
243,504,5CE_FLC_NDY,N/A,N/A,0,ACT,2020-02-04 10:10:31.0,214,2020-02-04 10:13:32.0,214,504,2000-01-01 00:00:00.0,2200-01-01 00:00:00.0,1,1,2021-09-17 20:34:55.0
244,508,Hoàng hậu muốn hành thích vua_皇后她每天都想弑君,N/A,N/A,0,ACT,2020-02-05 16:57:12.0,214,2020-02-05 16:57:12.0,214,508,2000-01-01 00:00:00.0,2200-01-01 00:00:00.0,1,1,2021-09-17 20:34:55.0
245,511,GREEN_HHMHTV_FLC,N/A,N/A,0,ACT,2020-02-05 16:59:04.0,214,2020-02-05 16:59:04.0,214,511,2000-01-01 00:00:00.0,2200-01-01 00:00:00.0,1,1,2021-09-17 20:34:55.0
246,513,Xuyên nhanh: Nhiêm vụ Ái Hồn_快穿之男神跟着炮灰跑,N/A,N/A,0,ACT,2020-02-07 10:02:54.0,214,2020-02-07 10:25:57.0,214,513,2000-01-01 00:00:00.0,2200-01-01 00:00:00.0,1,1,2021-09-17 20:34:55.0
247,515,Người trong mộng_噩梦攻略,N/A,N/A,0,ACT,2020-02-10 09:35:17.0,214,2020-02-10 09:35:17.0,214,515,2000-01-01 00:00:00.0,2200-01-01 00:00:00.0,1,1,2021-09-17 20:34:55.0
248,517,Hệ thống lựa chọn oái oăm_中二少女的脑内选项,N/A,N/A,0,ACT,2020-02-11 19:42:42.0,214,2020-02-11 19:42:42.0,214,517,2000-01-01 00:00:00.0,2200-01-01 00:00:00.0,1,1,2021-09-17 20:34:55.0
249,518,Suy luận thứ 6_第六种推理,N/A,N/A,0,ACT,2020-02-13 08:20:02.0,214,2020-02-13 08:20:02.0,214,518,2000-01-01 00:00:00.0,2200-01-01 00:00:00.0,1,1,2021-09-17 20:34:55.0
250,521,Ánh Hoa_FLC,N/A,N/A,0,ACT,2020-02-13 08:21:14.0,214,2020-02-13 09:26:22.0,214,521,2000-01-01 00:00:00.0,2200-01-01 00:00:00.0,1,1,2021-09-17 20:34:55.0
251,523,Tiếng nói tử thi 2_尸案调查科2：重案捕手,N/A,N/A,0,ACT,2020-02-18 17:30:16.0,214,2020-02-20 16:26:51.0,214,523,2000-01-01 00:00:00.0,2200-01-01 00:00:00.0,1,1,2021-09-17 20:34:55.0
252,526,Tiểu Mễ_TNTT_FLC,N/A,N/A,0,ACT,2020-02-18 17:31:34.0,214,2020-05-07 10:06:42.0,214,526,2000-01-01 00:00:00.0,2200-01-01 00:00:00.0,1,1,2021-09-17 20:34:55.0
253,529,Đặc công Marvel_某美漫的特工,N/A,N/A,0,ACT,2020-02-24 09:18:49.0,214,2020-02-26 10:11:59.0,214,529,2000-01-01 00:00:00.0,2200-01-01 00:00:00.0,1,1,2021-09-17 20:34:55.0
254,530,Nhà hàng dị giới của ông bố bỉm sữa_奶爸的异界餐厅,N/A,N/A,0,ACT,2020-02-24 09:19:35.0,214,2020-02-26 10:12:04.0,214,530,2000-01-01 00:00:00.0,2200-01-01 00:00:00.0,1,1,2021-09-17 20:34:55.0
255,532,Chicago 1990_芝加哥1990,N/A,N/A,0,ACT,2020-02-24 09:20:31.0,214,2020-02-26 10:12:09.0,214,532,2000-01-01 00:00:00.0,2200-01-01 00:00:00.0,1,1,2021-09-17 20:34:55.0
256,534,Hotboy ác ma: Ăn sạch cô bé ngọt ngào_恶魔校草：一口吃掉小甜心,N/A,N/A,0,ACT,2020-02-24 09:21:41.0,214,2020-02-26 10:12:14.0,214,534,2000-01-01 00:00:00.0,2200-01-01 00:00:00.0,1,1,2021-09-17 20:34:55.0
257,537,Đồ đệ nhà ta lại tèo rồi_我家徒弟又挂了,N/A,N/A,0,ACT,2020-02-24 09:22:27.0,214,2020-02-26 10:12:20.0,214,537,2000-01-01 00:00:00.0,2200-01-01 00:00:00.0,1,1,2021-09-17 20:34:55.0
258,538,Thái Cổ Thần Vương_太古神王,N/A,N/A,0,ACT,2020-02-24 09:42:45.0,214,2020-02-26 10:12:24.0,214,538,2000-01-01 00:00:00.0,2200-01-01 00:00:00.0,1,1,2021-09-17 20:34:55.0
259,540,Tử Hồng Miên_Điệp viên_FLC,N/A,N/A,0,ACT,2020-02-24 17:09:54.0,214,2020-02-24 17:09:54.0,214,540,2000-01-01 00:00:00.0,2200-01-01 00:00:00.0,1,1,2021-09-17 20:34:55.0
260,543,Hung trạch hỉ sự_凶宅喜事,N/A,N/A,0,ACT,2020-03-09 17:05:57.0,214,2020-03-09 17:05:57.0,214,543,2000-01-01 00:00:00.0,2200-01-01 00:00:00.0,1,1,2021-09-17 20:34:55.0
261,546,Maris Ciara_FLC,N/A,N/A,0,ACT,2020-03-10 18:01:14.0,214,2020-03-10 18:01:14.0,214,546,2000-01-01 00:00:00.0,2200-01-01 00:00:00.0,1,1,2021-09-17 20:34:55.0
262,547,Người Hùng Son Môi_口红侠,N/A,N/A,0,ACT,2020-03-10 18:02:33.0,214,2020-03-10 18:02:33.0,214,547,2000-01-01 00:00:00.0,2200-01-01 00:00:00.0,1,1,2021-09-17 20:34:55.0
263,550,Đông Túy Hạ Hàm_警官的中二病女友,N/A,N/A,0,ACT,2020-03-13 15:55:46.0,214,2020-03-13 15:55:46.0,214,550,2000-01-01 00:00:00.0,2200-01-01 00:00:00.0,1,1,2021-09-17 20:34:55.0
264,556,Truy tìm bóng đêm_黑月追迹者,N/A,N/A,0,ACT,2020-03-24 08:07:14.0,214,2020-03-24 08:07:14.0,214,556,2000-01-01 00:00:00.0,2200-01-01 00:00:00.0,1,1,2021-09-17 20:34:55.0
265,558,Nếu có thể làm lại lần nữa_如果可以想重来一次,N/A,N/A,0,ACT,2020-03-30 16:15:58.0,214,2020-03-30 16:15:58.0,214,558,2000-01-01 00:00:00.0,2200-01-01 00:00:00.0,1,1,2021-09-17 20:34:55.0
266,559,Thành Nam sóng gió chưa tan_城南萧萧风未晚,N/A,N/A,0,ACT,2020-03-31 00:23:16.0,214,2020-03-31 00:23:16.0,214,559,2000-01-01 00:00:00.0,2200-01-01 00:00:00.0,1,1,2021-09-17 20:34:55.0
267,561,GREEN_TNSGCT_FLC,N/A,N/A,0,ACT,2020-03-31 00:35:23.0,214,2020-03-31 00:35:23.0,214,561,2000-01-01 00:00:00.0,2200-01-01 00:00:00.0,1,1,2021-09-17 20:34:55.0
268,564,Phương trình thanh xuân chờ giải_ 求解青春方程式,N/A,N/A,0,ACT,2020-03-31 14:33:06.0,214,2020-03-31 14:33:06.0,214,564,2000-01-01 00:00:00.0,2200-01-01 00:00:00.0,1,1,2021-09-17 20:34:55.0
269,567,Vương Hằng_CODEVC_FLC,N/A,N/A,0,ACT,2020-04-02 12:09:54.0,214,2020-06-22 10:12:17.0,214,567,2000-01-01 00:00:00.0,2200-01-01 00:00:00.0,1,1,2021-09-17 20:34:55.0
270,570,Chị ơi đưa em về cùng_ 姐姐带我回家吧,N/A,N/A,0,ACT,2020-04-02 12:11:09.0,214,2020-04-02 12:11:09.0,214,570,2000-01-01 00:00:00.0,2200-01-01 00:00:00.0,1,1,2021-09-17 20:34:55.0
271,571,Phương Đặng_FLC,N/A,N/A,0,ACT,2020-04-05 00:00:58.0,214,2020-04-05 00:00:58.0,214,571,2000-01-01 00:00:00.0,2200-01-01 00:00:00.0,1,1,2021-09-17 20:34:55.0
272,574,Muzhiyd,N/A,N/A,0,ACT,2020-04-05 00:03:45.0,214,2020-04-05 00:03:45.0,214,574,2000-01-01 00:00:00.0,2200-01-01 00:00:00.0,1,1,2021-09-17 20:34:55.0
273,577,Kết hôn âm dương_冥媒正娶,N/A,N/A,0,ACT,2020-04-05 00:04:32.0,214,2020-04-05 00:04:43.0,214,577,2000-01-01 00:00:00.0,2200-01-01 00:00:00.0,1,1,2021-09-17 20:34:55.0
274,579,5CE_FLC_CYME,N/A,N/A,0,ACT,2020-04-05 15:03:47.0,214,2020-04-05 15:03:47.0,214,579,2000-01-01 00:00:00.0,2200-01-01 00:00:00.0,1,1,2021-09-17 20:34:55.0
275,582,Chỉ yêu mình em_ 世界很大我只爱你,N/A,N/A,0,ACT,2020-04-05 15:08:55.0,214,2020-04-05 15:11:08.0,214,582,2000-01-01 00:00:00.0,2200-01-01 00:00:00.0,1,1,2021-09-17 20:34:55.0
276,583,Bối  Nguyệt Nha_NCTLLLN,N/A,N/A,0,ACT,2020-04-07 16:54:30.0,214,2020-04-07 16:54:30.0,214,583,2000-01-01 00:00:00.0,2200-01-01 00:00:00.0,1,1,2021-09-17 20:34:55.0
277,586,Thiên hậu trở về,N/A,N/A,0,ACT,2020-04-08 08:47:36.0,214,2020-04-08 08:47:36.0,214,586,2000-01-01 00:00:00.0,2200-01-01 00:00:00.0,1,1,2021-09-17 20:34:55.0
278,588,Hỏa Liên Tâm_FLC,N/A,N/A,0,ACT,2020-04-09 15:28:29.0,214,2020-04-09 15:28:29.0,214,588,2000-01-01 00:00:00.0,2200-01-01 00:00:00.0,1,1,2021-09-17 20:34:55.0
279,589,Thoát xác_脱壳之后,N/A,N/A,0,ACT,2020-04-09 15:36:27.0,214,2020-04-09 15:53:29.0,214,589,2000-01-01 00:00:00.0,2200-01-01 00:00:00.0,1,1,2021-09-17 20:34:55.0
280,591,Thích Ăn Kẹo_FLC,N/A,N/A,0,ACT,2020-04-11 00:14:54.0,214,2020-04-11 00:14:54.0,214,591,2000-01-01 00:00:00.0,2200-01-01 00:00:00.0,1,1,2021-09-17 20:34:55.0
281,594,Tử Hồng Miên_LMTT_FLC,N/A,N/A,0,ACT,2020-04-11 23:23:23.0,214,2020-04-11 23:24:40.0,214,594,2000-01-01 00:00:00.0,2200-01-01 00:00:00.0,1,1,2021-09-17 20:34:55.0
282,597,Lưu manh thần thám_痞子神探,N/A,N/A,0,ACT,2020-04-11 23:24:10.0,214,2020-04-11 23:24:10.0,214,597,2000-01-01 00:00:00.0,2200-01-01 00:00:00.0,1,1,2021-09-17 20:34:55.0
283,600,Anh đến cùng ánh sao trời_他来时有星光,N/A,N/A,0,ACT,2020-04-20 15:18:25.0,214,2020-04-20 15:31:33.0,214,600,2000-01-01 00:00:00.0,2200-01-01 00:00:00.0,1,1,2021-09-17 20:34:55.0
284,603,Mẹ Cherry_ADCAST_FLC,N/A,N/A,0,ACT,2020-04-20 15:24:13.0,214,2020-04-20 15:32:08.0,214,603,2000-01-01 00:00:00.0,2200-01-01 00:00:00.0,1,1,2021-09-17 20:34:55.0
285,604,Hệ thống nhà ma_我有一座冒险屋,N/A,N/A,0,ACT,2020-04-20 17:34:43.0,214,2020-04-20 17:34:43.0,214,604,2000-01-01 00:00:00.0,2200-01-01 00:00:00.0,1,1,2021-09-17 20:34:55.0
286,607,Fulybook_HTNM_FLC,N/A,N/A,0,ACT,2020-04-20 17:42:02.0,214,2020-07-02 10:50:10.0,214,607,2000-01-01 00:00:00.0,2200-01-01 00:00:00.0,1,1,2021-09-17 20:34:55.0
287,610,Harley_FLC_PTTX,N/A,N/A,0,ACT,2020-04-21 12:55:23.0,214,2020-04-21 12:55:23.0,214,610,2000-01-01 00:00:00.0,2200-01-01 00:00:00.0,1,1,2021-09-17 20:34:55.0
288,613,Legendary_FLC_SHLMNH,N/A,N/A,0,ACT,2020-04-21 13:04:48.0,214,2020-04-21 13:05:07.0,214,613,2000-01-01 00:00:00.0,2200-01-01 00:00:00.0,1,1,2021-09-17 20:34:55.0
289,615,Legendary_FLC_BGTLM,N/A,N/A,0,ACT,2020-04-21 13:05:01.0,214,2020-04-21 13:05:01.0,214,615,2000-01-01 00:00:00.0,2200-01-01 00:00:00.0,1,1,2021-09-17 20:34:55.0
290,616,Legendary_FLC_TVGH,N/A,N/A,0,ACT,2020-04-21 13:05:25.0,214,2020-04-21 13:05:25.0,214,616,2000-01-01 00:00:00.0,2200-01-01 00:00:00.0,1,1,2021-09-17 20:34:55.0
291,618,Beijing kinging holdings limited,N/A,N/A,0,ACT,2020-04-21 15:11:59.0,214,2020-08-03 11:17:00.0,214,618,2000-01-01 00:00:00.0,2200-01-01 00:00:00.0,1,1,2021-09-17 20:34:55.0
292,621,Chuối Gỗ_FLC,N/A,N/A,0,ACT,2020-04-21 15:12:47.0,214,2020-04-21 15:12:47.0,214,621,2000-01-01 00:00:00.0,2200-01-01 00:00:00.0,1,1,2021-09-17 20:34:55.0
293,622,Hoàng Hà phục yêu truyện_黄河伏妖传,N/A,N/A,0,ACT,2020-04-21 15:14:09.0,214,2020-04-21 15:14:09.0,214,622,2000-01-01 00:00:00.0,2200-01-01 00:00:00.0,1,1,2021-09-17 20:34:55.0
294,624,Hành tẩu âm dương_行走阴阳,N/A,N/A,0,ACT,2020-04-22 13:39:54.0,214,2020-04-22 13:39:54.0,214,624,2000-01-01 00:00:00.0,2200-01-01 00:00:00.0,1,1,2021-09-17 20:34:55.0
295,625,Thiếu niên tóc xanh mềm_那少年的发丝又软又卷,N/A,N/A,0,ACT,2020-04-24 16:55:38.0,214,2020-04-24 16:55:38.0,214,625,2000-01-01 00:00:00.0,2200-01-01 00:00:00.0,1,1,2021-09-17 20:34:55.0
296,627,Chanh Leo_FLC_TNTXM,N/A,N/A,0,ACT,2020-04-24 16:56:07.0,214,2020-04-24 16:56:07.0,214,627,2000-01-01 00:00:00.0,2200-01-01 00:00:00.0,1,1,2021-09-17 20:34:55.0
297,628,Ta là miêu đại vương_我是猫大王,N/A,N/A,0,ACT,2020-04-24 17:00:43.0,214,2020-04-24 17:00:43.0,214,628,2000-01-01 00:00:00.0,2200-01-01 00:00:00.0,1,1,2021-09-17 20:34:55.0
1,0,N/A,N/A,N/A,0,N/A,2016-05-06 10:55:15.0,0,NULL,0,0,2014-01-01 00:00:00.0,2020-12-30 00:00:00.0,1,1,2016-06-03 15:20:13.0
2,8,Sunflower Books,N/A,N/A,0,ACT,2015-09-19 11:42:53.0,214,2018-11-02 09:53:29.0,214,8,2000-01-01 00:00:00.0,2200-01-01 00:00:00.0,1,1,2018-11-02 11:21:15.0
3,14,Alphabooks,N/A,N/A,0,ACT,2015-09-28 10:18:12.0,214,2018-11-02 09:41:46.0,214,14,2000-01-01 00:00:00.0,2200-01-01 00:00:00.0,1,1,2018-11-02 11:21:15.0
4,20,Quảng Văn,N/A,N/A,0,ACT,2015-10-16 11:01:21.0,214,2018-11-02 09:42:11.0,214,20,2000-01-01 00:00:00.0,2200-01-01 00:00:00.0,1,1,2018-11-02 11:21:15.0
5,28,Khai Tâm,N/A,N/A,0,ACT,2015-11-02 14:12:12.0,214,2018-11-02 09:43:00.0,214,28,2000-01-01 00:00:00.0,2200-01-01 00:00:00.0,1,1,2018-11-02 11:21:15.0
6,35,NXB Văn Học,N/A,N/A,0,ACT,2015-11-02 14:13:44.0,214,2018-11-02 09:43:14.0,214,35,2000-01-01 00:00:00.0,2200-01-01 00:00:00.0,1,1,2018-11-02 11:21:15.0
7,43,NXB Văn Hóa - Văn Nghệ,N/A,N/A,0,ACT,2015-11-02 16:25:49.0,214,2018-11-02 09:45:32.0,214,43,2000-01-01 00:00:00.0,2200-01-01 00:00:00.0,1,1,2021-09-17 20:34:54.0
8,58,Người Trẻ Việt,N/A,N/A,0,ACT,2015-11-02 16:26:54.0,214,2018-11-02 09:46:41.0,214,58,2000-01-01 00:00:00.0,2200-01-01 00:00:00.0,1,1,2021-09-17 20:34:54.0
9,61,Phương Đông,N/A,N/A,0,ACT,2015-12-03 11:17:39.0,214,2018-11-02 09:47:27.0,214,61,2000-01-01 00:00:00.0,2200-01-01 00:00:00.0,1,1,2021-09-17 20:34:54.0
10,4,Thái Hà,N/A,N/A,0,ACT,2015-09-17 10:50:45.0,214,2018-11-02 09:53:25.0,214,4,2000-01-01 00:00:00.0,2200-01-01 00:00:00.0,1,1,2018-11-02 11:21:15.0
11,12,Bách Việt,N/A,N/A,0,ACT,2015-09-26 11:03:19.0,214,2018-11-02 09:53:38.0,214,12,2000-01-01 00:00:00.0,2200-01-01 00:00:00.0,1,1,2018-11-02 11:21:15.0
12,18,Phương Nam,N/A,N/A,0,ACT,2015-10-16 11:01:10.0,214,2018-11-02 09:41:55.0,214,18,2000-01-01 00:00:00.0,2200-01-01 00:00:00.0,1,1,2018-11-02 11:21:15.0
13,25,Hương Giang,N/A,N/A,0,ACT,2015-11-02 14:10:42.0,214,2018-11-02 09:42:47.0,214,25,2000-01-01 00:00:00.0,2200-01-01 00:00:00.0,1,1,2018-11-02 11:21:15.0
14,32,Bắc Hà,N/A,N/A,0,ACT,2015-11-02 14:13:08.0,214,2018-11-02 09:49:36.0,214,32,2000-01-01 00:00:00.0,2200-01-01 00:00:00.0,1,1,2018-11-02 11:21:15.0
15,40,Waka,N/A,N/A,0,ACT,2015-11-02 14:41:29.0,214,2018-11-02 09:45:22.0,214,40,2000-01-01 00:00:00.0,2200-01-01 00:00:00.0,1,1,2021-09-17 20:34:54.0
16,47,Ngòi Bút Việt,N/A,N/A,0,ACT,2015-11-02 16:26:08.0,214,2018-11-02 09:45:42.0,214,47,2000-01-01 00:00:00.0,2200-01-01 00:00:00.0,1,1,2021-09-17 20:34:54.0
17,60,NXB Giao Thông Vận Tải,N/A,N/A,0,ACT,2015-11-21 08:57:21.0,214,2018-11-02 09:47:22.0,214,60,2000-01-01 00:00:00.0,2200-01-01 00:00:00.0,1,1,2021-09-17 20:34:54.0
18,2,Cẩm Phong,N/A,N/A,0,ACT,2015-09-05 10:10:27.0,214,2018-11-02 09:53:21.0,214,2,2000-01-01 00:00:00.0,2200-01-01 00:00:00.0,1,1,2021-09-17 20:34:54.0
19,10,Đinh Tị,N/A,N/A,0,ACT,2015-09-26 09:50:42.0,214,2018-11-02 09:53:33.0,214,10,2000-01-01 00:00:00.0,2200-01-01 00:00:00.0,1,1,2018-11-02 11:21:15.0
20,16,Minh Long,N/A,N/A,0,ACT,2015-10-15 14:32:51.0,214,2018-11-02 09:41:50.0,214,16,2000-01-01 00:00:00.0,2200-01-01 00:00:00.0,1,1,2018-11-02 11:21:15.0
21,21,Chibooks,N/A,N/A,0,ACT,2015-11-02 09:05:39.0,214,2018-11-02 09:42:15.0,214,21,2000-01-01 00:00:00.0,2200-01-01 00:00:00.0,1,1,2018-11-02 11:21:15.0
22,29,Phú Hà,N/A,N/A,0,ACT,2015-11-02 14:12:45.0,214,2018-11-02 09:49:32.0,214,29,2000-01-01 00:00:00.0,2200-01-01 00:00:00.0,1,1,2018-11-02 11:21:15.0
23,38,Đang Cập Nhật,N/A,N/A,0,ACT,2015-11-02 14:39:20.0,214,2018-11-02 09:50:24.0,214,38,2000-01-01 00:00:00.0,2200-01-01 00:00:00.0,1,1,2021-09-17 20:34:54.0
24,46,Skybooks,N/A,N/A,0,ACT,2015-11-02 16:25:58.0,214,2018-11-02 09:45:36.0,214,46,2000-01-01 00:00:00.0,2200-01-01 00:00:00.0,1,1,2021-09-17 20:34:54.0
25,59,Trí Việt,N/A,N/A,0,ACT,2015-11-09 14:10:56.0,214,2018-11-02 09:46:46.0,214,59,2000-01-01 00:00:00.0,2200-01-01 00:00:00.0,1,1,2021-09-17 20:34:54.0
26,68,Diệp Hà,N/A,N/A,0,ACT,2016-04-29 16:17:16.0,214,2018-11-02 09:27:16.0,214,68,2000-01-01 00:00:00.0,2200-01-01 00:00:00.0,1,1,2021-09-17 20:34:54.0
27,69,Tân Việt,N/A,N/A,0,ACT,2016-05-17 16:23:38.0,214,2018-11-02 09:27:30.0,214,69,2000-01-01 00:00:00.0,2200-01-01 00:00:00.0,1,1,2018-11-02 11:21:15.0
28,37,VLCC,N/A,N/A,0,ACT,2015-11-02 14:14:11.0,214,2018-11-02 09:49:46.0,214,37,2000-01-01 00:00:00.0,2200-01-01 00:00:00.0,1,1,2018-11-02 11:21:15.0
29,75,Comicola,N/A,N/A,0,ACT,2016-06-20 10:08:17.0,214,2018-11-02 09:27:37.0,214,75,2000-01-01 00:00:00.0,2200-01-01 00:00:00.0,1,1,2018-11-02 11:21:15.0
30,67,Đặng Thanh Vân,N/A,N/A,0,ACT,2016-04-04 18:46:34.0,214,2018-12-11 14:25:24.0,214,67,2000-01-01 00:00:00.0,2200-01-01 00:00:00.0,1,1,2021-09-17 20:34:54.0
31,64,1980 Books,N/A,N/A,0,ACT,2016-06-22 08:13:56.0,214,2018-11-02 09:47:36.0,214,64,2000-01-01 00:00:00.0,2200-01-01 00:00:00.0,1,1,2021-09-17 20:34:54.0
32,62,Cổ Nguyệt,N/A,N/A,0,ACT,2016-06-22 08:14:00.0,214,2018-11-02 09:47:32.0,214,62,2000-01-01 00:00:00.0,2200-01-01 00:00:00.0,1,1,2021-09-17 20:34:54.0
33,81,Limbooks,N/A,N/A,0,ACT,2016-07-05 09:58:36.0,214,2018-11-02 09:27:50.0,214,81,2000-01-01 00:00:00.0,2200-01-01 00:00:00.0,1,1,2018-11-02 11:21:15.0
34,78,Nguyễn Chu Nam Phương,N/A,N/A,0,ACT,2016-07-05 09:57:42.0,214,2018-11-02 09:27:44.0,214,78,2000-01-01 00:00:00.0,2200-01-01 00:00:00.0,1,1,2018-11-02 11:21:15.0
35,87,Hàng hiệu,N/A,N/A,0,ACT,2016-07-07 13:45:03.0,214,2018-11-02 09:28:02.0,214,87,2000-01-01 00:00:00.0,2200-01-01 00:00:00.0,1,1,2018-11-02 11:21:15.0
36,95,Nguồn Thế giới trẻ,N/A,N/A,0,ACT,2016-07-07 14:06:28.0,214,2018-11-02 09:29:29.0,214,95,2000-01-01 00:00:00.0,2200-01-01 00:00:00.0,1,1,2018-11-02 11:21:15.0
37,72,Hoàng Minh Tường,N/A,N/A,0,ACT,2016-06-17 08:26:04.0,214,2018-11-02 09:22:59.0,214,72,2000-01-01 00:00:00.0,2200-01-01 00:00:00.0,1,1,2021-09-17 20:34:54.0
38,84,Văn hóa doanh nhân,N/A,N/A,0,ACT,2016-07-07 13:42:32.0,214,2018-11-02 09:27:57.0,214,84,2000-01-01 00:00:00.0,2200-01-01 00:00:00.0,1,1,2018-11-02 11:21:15.0
39,93,Style,N/A,N/A,0,ACT,2016-07-07 13:46:56.0,214,2018-11-02 09:29:32.0,214,93,2000-01-01 00:00:00.0,2200-01-01 00:00:00.0,1,1,2018-11-02 11:21:15.0
40,90,Thể thao văn hóa,N/A,N/A,0,ACT,2016-07-07 13:45:19.0,214,2018-11-02 09:28:08.0,214,90,2000-01-01 00:00:00.0,2200-01-01 00:00:00.0,1,1,2018-11-02 11:21:15.0
41,98,Văn Việt,N/A,N/A,0,ACT,2016-07-15 14:11:51.0,214,2018-11-02 09:28:39.0,214,98,2000-01-01 00:00:00.0,2200-01-01 00:00:00.0,1,1,2018-11-02 11:21:15.0
42,107,Saigon Books,N/A,N/A,0,ACT,2017-04-11 09:04:52.0,214,2018-11-08 10:54:31.0,214,107,2000-01-01 00:00:00.0,2200-01-01 00:00:00.0,1,1,2018-11-08 11:21:14.0
43,108,PandaBooks,N/A,N/A,0,ACT,2017-04-21 16:42:52.0,214,2018-11-02 09:30:13.0,214,108,2000-01-01 00:00:00.0,2200-01-01 00:00:00.0,1,1,2018-11-02 11:21:15.0
44,111,Hân Như,N/A,N/A,0,ACT,2017-06-29 15:01:36.0,214,2018-11-02 09:30:19.0,214,111,2000-01-01 00:00:00.0,2200-01-01 00:00:00.0,1,1,2018-11-02 11:21:15.0
45,118,Hoa Mộc Lan_FLC,N/A,N/A,0,ACT,2017-12-15 16:00:22.0,214,2018-11-02 09:31:30.0,214,118,2000-01-01 00:00:00.0,2200-01-01 00:00:00.0,1,1,2018-11-02 11:21:15.0
46,123,Team Hoa Mộc Lan_FLC,N/A,N/A,0,ACT,2017-12-25 08:48:00.0,214,2018-06-21 15:28:40.0,208,123,2000-01-01 00:00:00.0,2200-01-01 00:00:00.0,1,1,2018-06-21 23:24:23.0
47,117,Đói Team_FLC,N/A,N/A,0,ACT,2017-12-15 11:41:20.0,214,2018-11-02 09:31:27.0,214,117,2000-01-01 00:00:00.0,2200-01-01 00:00:00.0,1,1,2021-09-17 20:34:54.0
48,126,Team Táo Đỏ ,N/A,N/A,0,INA,2017-12-29 09:43:26.0,276,2017-12-29 09:43:26.0,276,0,2000-01-01 00:00:00.0,2017-12-29 00:00:00.0,1,0,2018-02-01 08:59:20.0
49,126,Team Táo Đỏ ,N/A,N/A,0,DEL,2017-12-29 09:43:26.0,276,2017-12-29 09:49:25.0,276,0,2017-12-29 00:00:00.0,2200-01-01 00:00:00.0,2,1,2018-02-01 08:59:19.0
50,129,Mẹ Cherry_FLC,N/A,N/A,0,ACT,2018-01-31 16:34:21.0,214,2018-11-02 09:31:10.0,214,129,2000-01-01 00:00:00.0,2200-01-01 00:00:00.0,1,1,2018-11-02 11:21:15.0
51,175,Bách luyện thành thần_百炼成神,N/A,N/A,0,ACT,2018-05-02 08:34:10.0,214,2018-12-20 14:54:32.0,214,175,2000-01-01 00:00:00.0,2200-01-01 00:00:00.0,1,1,2018-12-20 23:21:15.0
52,172,Mộc Yên Team_FLC_Bách Luyện,N/A,N/A,0,ACT,2018-05-02 08:32:40.0,214,2018-11-02 09:47:17.0,214,172,2000-01-01 00:00:00.0,2200-01-01 00:00:00.0,1,1,2018-11-02 11:21:15.0
53,176,Công tước_公爵,N/A,N/A,0,ACT,2018-05-15 08:53:44.0,214,2018-12-19 17:48:00.0,214,176,2000-01-01 00:00:00.0,2200-01-01 00:00:00.0,1,1,2018-12-19 23:21:15.0
54,177,Nguyễn Việt Khoa,N/A,N/A,0,ACT,2018-06-19 15:09:39.0,214,2018-11-02 09:47:34.0,214,177,2000-01-01 00:00:00.0,2200-01-01 00:00:00.0,1,1,2018-11-02 11:21:15.0
55,121,Táo Đỏ_FLC,N/A,N/A,0,ACT,2017-12-15 16:00:37.0,214,2018-11-02 09:30:58.0,214,121,2000-01-01 00:00:00.0,2200-01-01 00:00:00.0,1,1,2018-11-02 11:21:15.0
56,166,Xinh đẹp_FLC,N/A,N/A,0,ACT,2018-03-28 14:59:40.0,214,2018-11-02 09:46:58.0,214,166,2000-01-01 00:00:00.0,2200-01-01 00:00:00.0,1,1,2018-11-02 11:21:15.0
57,158,Thú Lạ Team_FLC,N/A,N/A,0,ACT,2018-03-20 08:36:24.0,214,2018-11-02 09:46:34.0,214,158,2000-01-01 00:00:00.0,2200-01-01 00:00:00.0,1,1,2018-11-02 11:21:15.0
58,178,Phượng Kinh Thiên_凤惊天,N/A,N/A,0,ACT,2018-06-29 16:30:02.0,214,2018-12-19 17:47:06.0,214,178,2000-01-01 00:00:00.0,2200-01-01 00:00:00.0,1,1,2018-12-19 23:21:15.0
59,181,Bánh Quy Bơ_FLC,N/A,N/A,0,ACT,2018-06-29 16:46:24.0,214,2018-11-02 09:49:40.0,214,181,2000-01-01 00:00:00.0,2200-01-01 00:00:00.0,1,1,2021-09-17 20:34:54.0
60,183,Nhật ký cua trai_快穿攻略：女配有毒,N/A,N/A,0,ACT,2018-07-17 10:03:47.0,214,2018-12-19 17:53:13.0,214,183,2000-01-01 00:00:00.0,2200-01-01 00:00:00.0,1,1,2018-12-19 23:21:15.0
61,101,Rosebooks,N/A,N/A,0,ACT,2016-09-15 08:51:30.0,214,2018-11-02 09:29:51.0,214,101,2000-01-01 00:00:00.0,2200-01-01 00:00:00.0,1,1,2018-11-02 11:21:15.0
62,114,Trần Mai Hưởng,N/A,N/A,0,ACT,2017-07-11 10:39:45.0,214,2018-11-02 09:30:26.0,214,114,2000-01-01 00:00:00.0,2200-01-01 00:00:00.0,1,1,2018-11-02 11:21:15.0
63,130,Phúc Minh,N/A,N/A,0,ACT,2018-02-26 09:34:19.0,214,2018-11-02 09:31:15.0,214,130,2000-01-01 00:00:00.0,2200-01-01 00:00:00.0,1,1,2018-11-02 11:21:15.0
64,134,Chọc tức vợ yêu 2_隐婚100分：惹火娇妻嫁一送一,N/A,N/A,0,ACT,2018-03-16 09:10:37.0,214,2018-12-19 17:40:29.0,214,134,2000-01-01 00:00:00.0,2200-01-01 00:00:00.0,1,1,2018-12-19 23:21:15.0
65,137,Boss Hung mãnh_Boss凶猛：老公，领证吧,N/A,N/A,0,ACT,2018-03-16 15:16:00.0,214,2018-12-19 17:38:27.0,214,137,2000-01-01 00:00:00.0,2200-01-01 00:00:00.0,1,1,2018-12-19 23:21:15.0
66,140,Boss là nữ phụ_反派BOSS有毒,N/A,N/A,0,ACT,2018-03-16 15:16:19.0,214,2018-12-19 14:00:23.0,214,140,2000-01-01 00:00:00.0,2200-01-01 00:00:00.0,1,1,2018-12-19 23:21:15.0
67,141,Dạo bước phồn hoa_覆手繁华,N/A,N/A,0,ACT,2018-03-16 15:16:31.0,214,2018-12-19 17:40:55.0,214,141,2000-01-01 00:00:00.0,2200-01-01 00:00:00.0,1,1,2018-12-19 23:21:15.0
68,142,Hồ sơ bí ẩn_青叶灵异事务所,N/A,N/A,0,ACT,2018-03-16 15:16:40.0,214,2018-12-19 17:41:39.0,214,142,2000-01-01 00:00:00.0,2200-01-01 00:00:00.0,1,1,2018-12-19 23:21:15.0
69,144,Ông xã cool ngầu_七公子③面瘫老公，早上好 + 恍若晨曦,N/A,N/A,0,ACT,2018-03-16 15:16:49.0,214,2018-12-19 17:42:11.0,214,144,2000-01-01 00:00:00.0,2200-01-01 00:00:00.0,1,1,2018-12-19 23:21:15.0
70,145,Bẫy hôn nhân_婚途有坑：前妻有喜了,N/A,N/A,0,ACT,2018-03-16 15:17:27.0,214,2018-12-19 17:42:46.0,214,145,2000-01-01 00:00:00.0,2200-01-01 00:00:00.0,1,1,2018-12-19 23:21:15.0
71,147,Kế hoạch theo đuổi vợ yêu_追妻攻略,N/A,N/A,0,ACT,2018-03-16 15:17:38.0,214,2018-12-19 17:43:19.0,214,147,2000-01-01 00:00:00.0,2200-01-01 00:00:00.0,1,1,2018-12-19 23:21:15.0
72,149,Hệ thống livestream của nữ đế_女帝直播攻略,N/A,N/A,0,ACT,2018-03-16 15:17:48.0,214,2018-12-19 17:44:01.0,214,149,2000-01-01 00:00:00.0,2200-01-01 00:00:00.0,1,1,2018-12-19 23:21:15.0
73,151,Nhật ký tiểu hoà thượng ở thành phố_都市呆萌录,N/A,N/A,0,ACT,2018-03-16 15:18:18.0,214,2018-12-19 17:44:26.0,214,151,2000-01-01 00:00:00.0,2200-01-01 00:00:00.0,1,1,2018-12-19 23:21:15.0
74,153,Sinh con thời mạt thế_末世好孕,N/A,N/A,0,ACT,2018-03-16 15:18:30.0,214,2018-12-19 17:44:54.0,214,153,2000-01-01 00:00:00.0,2200-01-01 00:00:00.0,1,1,2018-12-19 23:21:15.0
75,154,Nhất sinh nhất thế nhất tiểu hồng trần_一生一世笑红尘,N/A,N/A,0,ACT,2018-03-16 15:18:41.0,214,2018-12-19 17:45:24.0,214,154,2000-01-01 00:00:00.0,2200-01-01 00:00:00.0,1,1,2018-12-19 23:21:15.0
76,155,Nàng dâu cực phẩm_纨绔拽媳,N/A,N/A,0,ACT,2018-03-16 15:18:50.0,214,2018-12-19 17:46:00.0,214,155,2000-01-01 00:00:00.0,2200-01-01 00:00:00.0,1,1,2018-12-19 23:21:15.0
77,157,Xà vương quấn thân_蛇王缠身：老婆，生个蛋,N/A,N/A,0,ACT,2018-03-16 15:19:01.0,214,2018-12-19 17:46:37.0,214,157,2000-01-01 00:00:00.0,2200-01-01 00:00:00.0,1,1,2018-12-19 23:21:15.0
78,131,Chọc tức vợ yêu 1,N/A,N/A,0,ACT,2018-03-16 09:10:21.0,214,2018-11-02 10:21:21.0,214,131,2000-01-01 00:00:00.0,2200-01-01 00:00:00.0,1,1,2018-11-02 11:21:15.0
79,159,Người tìm xác_寻尸人,N/A,N/A,0,ACT,2018-03-20 08:36:55.0,214,2018-12-19 17:47:33.0,214,159,2000-01-01 00:00:00.0,2200-01-01 00:00:00.0,1,1,2018-12-19 23:21:15.0
80,161,Nguyễn Hồng Hải,N/A,N/A,0,ACT,2018-03-28 11:38:02.0,214,2018-11-02 09:46:47.0,214,161,2000-01-01 00:00:00.0,2200-01-01 00:00:00.0,1,1,2018-11-02 11:21:15.0
81,164,Mật ngọt hôn nhân_宠你上瘾：军爷的神秘娇妻,N/A,N/A,0,ACT,2018-03-28 14:58:40.0,214,2018-12-19 18:04:27.0,214,164,2000-01-01 00:00:00.0,2200-01-01 00:00:00.0,1,1,2018-12-19 23:21:15.0
82,168,"Xin chào, người thừa kế_奈何清风知我意",N/A,N/A,0,ACT,2018-03-28 18:17:13.0,214,2018-12-19 17:48:36.0,214,168,2000-01-01 00:00:00.0,2200-01-01 00:00:00.0,1,1,2018-12-19 23:21:15.0
83,171,Nhã Nam,N/A,N/A,0,ACT,2018-03-31 10:18:36.0,214,2018-11-02 09:47:08.0,214,171,2000-01-01 00:00:00.0,2200-01-01 00:00:00.0,1,1,2018-11-02 11:21:15.0
84,184,Thư viện Thiên Đạo_天道图书馆,N/A,N/A,0,ACT,2018-08-06 17:26:16.0,214,2018-12-19 17:52:23.0,214,184,2000-01-01 00:00:00.0,2200-01-01 00:00:00.0,1,1,2018-12-19 23:21:15.0
85,187,Thực tập sinh thần tượng_最佳恶毒女配,N/A,N/A,0,ACT,2018-08-20 10:21:20.0,214,2018-12-19 17:58:25.0,214,187,2000-01-01 00:00:00.0,2200-01-01 00:00:00.0,1,1,2018-12-19 23:21:15.0
86,189,Nhóm 5CE_FLC_LCQT,N/A,N/A,0,ACT,2018-09-12 18:21:59.0,214,2020-02-04 10:13:24.0,214,189,2000-01-01 00:00:00.0,2200-01-01 00:00:00.0,1,1,2021-09-17 20:34:54.0
87,192,Lấy chồng quyền thế_权门婚宠,N/A,N/A,0,ACT,2018-09-13 08:45:13.0,214,2018-12-19 17:57:19.0,214,192,2000-01-01 00:00:00.0,2200-01-01 00:00:00.0,1,1,2018-12-19 23:21:15.0
88,194,Nhật ký sa lầy_小白花黑化记,N/A,N/A,0,ACT,2018-09-18 09:03:46.0,214,2018-12-19 17:58:52.0,214,194,2000-01-01 00:00:00.0,2200-01-01 00:00:00.0,1,1,2018-12-19 23:21:15.0
89,197,Team dịch USA_FLC,N/A,N/A,0,ACT,2018-09-18 09:04:03.0,214,2018-11-02 09:50:18.0,214,197,2000-01-01 00:00:00.0,2200-01-01 00:00:00.0,1,1,2021-09-17 20:34:54.0
90,203,Hoàn Cảnh Hội_FLC,N/A,N/A,0,ACT,2018-09-20 08:27:27.0,214,2018-11-02 09:50:34.0,214,203,2000-01-01 00:00:00.0,2200-01-01 00:00:00.0,1,1,2018-11-02 11:21:15.0
91,200,Điền Viên Cẩm Tú_子萝的锦绣田缘,N/A,N/A,0,ACT,2018-09-20 08:27:12.0,214,2018-12-19 17:57:52.0,214,200,2000-01-01 00:00:00.0,2200-01-01 00:00:00.0,1,1,2018-12-19 23:21:15.0
92,204,Nhật ký trưởng thành của Nữ Oa_女娲成长日记 ,N/A,N/A,0,ACT,2018-09-21 08:04:49.0,214,2018-12-19 17:55:06.0,214,204,2000-01-01 00:00:00.0,2200-01-01 00:00:00.0,1,1,2018-12-19 23:21:15.0
93,207,Tình nhân đẳng cấp thế giới_世界级情人,N/A,N/A,0,ACT,2018-09-27 08:26:50.0,214,2018-12-20 07:49:04.0,214,207,2000-01-01 00:00:00.0,2200-01-01 00:00:00.0,1,1,2018-12-20 11:21:15.0
94,209,Hàn Vũ Phi,N/A,N/A,0,ACT,2018-09-27 08:30:55.0,214,2018-11-08 09:54:02.0,214,209,2000-01-01 00:00:00.0,2200-01-01 00:00:00.0,1,1,2018-11-08 11:21:14.0
95,212,Quân hôn chớp nhoáng_闪婚老公太抢手,N/A,N/A,0,ACT,2018-10-12 08:52:45.0,214,2018-12-19 17:56:23.0,214,212,2000-01-01 00:00:00.0,2200-01-01 00:00:00.0,1,1,2018-12-19 23:21:15.0
96,214,Lầy Team_FLC,N/A,N/A,0,ACT,2018-10-12 08:52:59.0,214,2018-11-30 10:42:21.0,214,214,2000-01-01 00:00:00.0,2200-01-01 00:00:00.0,1,1,2018-11-30 12:02:58.0
97,216,Cuồng thám_狂探,N/A,N/A,0,ACT,2018-10-18 01:07:50.0,214,2018-12-19 17:51:58.0,214,216,2000-01-01 00:00:00.0,2200-01-01 00:00:00.0,1,1,2018-12-19 23:21:15.0
98,219,Tình đắng_暖爱之独家拥有,N/A,N/A,0,ACT,2018-10-24 09:01:01.0,214,2018-12-19 17:55:33.0,214,219,2000-01-01 00:00:00.0,2200-01-01 00:00:00.0,1,1,2018-12-19 23:21:15.0
99,220,Mộc Yên Team_FLC_Nữ Oa,N/A,N/A,0,ACT,2018-10-30 08:35:50.0,214,2018-11-02 09:53:05.0,214,220,2000-01-01 00:00:00.0,2200-01-01 00:00:00.0,1,1,2021-09-17 20:34:54.0
