translator_dim.translator_key,translator_dim.translator_id,translator_dim.translator_name,translator_dim.translator_addr,translator_dim.mobile,translator_dim.phone,translator_dim.ordering,translator_dim.status,translator_dim.created_time,translator_dim.created_by,translator_dim.updated_time,translator_dim.updated_by,translator_dim.cmc_id,translator_dim.valid_from,translator_dim.valid_to,translator_dim.version,translator_dim.current,translator_dim.last_mofidied
127,109,Hồng Lê,N/A,N/A,N/A,0,ACT,2015-11-19 15:19:34.0,1,2015-11-19 15:19:34.0,1,109,2000-01-01 00:00:00.0,2200-01-01 00:00:00.0,1,1,2016-06-13 09:47:22.0
128,124,Tuệ Văn,N/A,N/A,N/A,0,ACT,2015-11-19 17:26:58.0,1,2015-11-19 17:26:58.0,1,124,2000-01-01 00:00:00.0,2200-01-01 00:00:00.0,1,1,2016-06-13 09:47:22.0
129,135,Tiểu Triệu,N/A,N/A,N/A,0,ACT,2015-11-21 09:48:22.0,1,2015-11-21 09:48:22.0,1,135,2000-01-01 00:00:00.0,2200-01-01 00:00:00.0,1,1,2016-06-13 09:47:22.0
130,144,Nguyễn Lê Hương,N/A,N/A,N/A,0,ACT,2015-11-21 09:55:39.0,1,2015-11-21 09:55:39.0,1,144,2000-01-01 00:00:00.0,2200-01-01 00:00:00.0,1,1,2016-06-13 09:47:22.0
131,159,Nguyễn Đức Vịnh,N/A,N/A,N/A,0,ACT,2015-11-25 08:29:15.0,1,2015-11-25 08:29:15.0,1,159,2000-01-01 00:00:00.0,2200-01-01 00:00:00.0,1,1,2016-06-13 09:47:22.0
132,167,Cénacle A,N/A,N/A,N/A,0,ACT,2015-11-26 14:57:44.0,1,2015-11-26 14:57:44.0,1,167,2000-01-01 00:00:00.0,2200-01-01 00:00:00.0,1,1,2016-06-13 09:47:22.0
133,173,Phạm Minh Tuấn,N/A,N/A,N/A,0,ACT,2015-11-27 09:44:23.0,1,2015-11-27 09:44:23.0,1,173,2000-01-01 00:00:00.0,2200-01-01 00:00:00.0,1,1,2016-06-13 09:47:22.0
134,177,Hoàng Phương Anh,N/A,N/A,N/A,0,ACT,2015-11-27 14:29:15.0,1,2015-11-27 14:29:15.0,1,177,2000-01-01 00:00:00.0,2200-01-01 00:00:00.0,1,1,2016-06-13 09:47:22.0
135,185,Moguka Nguyễn,N/A,N/A,N/A,0,ACT,2015-11-28 08:24:00.0,1,2015-11-28 08:24:00.0,1,185,2000-01-01 00:00:00.0,2200-01-01 00:00:00.0,1,1,2016-06-13 09:47:23.0
136,192,Diệp Tử,N/A,N/A,N/A,0,ACT,2015-11-28 08:43:33.0,1,2015-11-28 08:43:33.0,1,192,2000-01-01 00:00:00.0,2200-01-01 00:00:00.0,1,1,2016-06-13 09:47:23.0
137,203,Đỗ Mai Dung,N/A,N/A,N/A,0,ACT,2015-11-28 10:18:47.0,1,2015-11-28 10:18:47.0,1,203,2000-01-01 00:00:00.0,2200-01-01 00:00:00.0,1,1,2016-06-13 09:47:23.0
138,208,Lam Nguyệt,N/A,N/A,N/A,0,ACT,2015-12-02 09:36:45.0,1,2015-12-02 09:36:45.0,1,208,2000-01-01 00:00:00.0,2200-01-01 00:00:00.0,1,1,2016-06-13 09:47:23.0
139,216,Phan Khánh Giang,N/A,N/A,N/A,0,ACT,2015-12-04 16:14:06.0,1,2015-12-04 16:14:06.0,1,216,2000-01-01 00:00:00.0,2200-01-01 00:00:00.0,1,1,2016-06-13 09:47:23.0
140,225,Sahara Vương,N/A,N/A,N/A,0,ACT,2015-12-11 11:14:12.0,1,2015-12-11 11:14:12.0,1,225,2000-01-01 00:00:00.0,2200-01-01 00:00:00.0,1,1,2016-06-13 09:47:26.0
141,231,Lục Phong,N/A,N/A,N/A,0,ACT,2016-01-29 16:42:06.0,1,2016-01-29 16:42:06.0,1,231,2000-01-01 00:00:00.0,2200-01-01 00:00:00.0,1,1,2016-06-13 09:47:26.0
142,240,Minh Thương,N/A,N/A,N/A,0,ACT,2016-01-29 16:42:06.0,1,2016-01-29 16:42:06.0,1,240,2000-01-01 00:00:00.0,2200-01-01 00:00:00.0,1,1,2016-06-13 09:47:26.0
143,250,Giang Phương,N/A,N/A,N/A,0,ACT,2016-01-29 16:42:06.0,1,2016-01-29 16:42:06.0,1,250,2000-01-01 00:00:00.0,2200-01-01 00:00:00.0,1,1,2016-06-13 09:47:26.0
144,256,Trần Thy Lâm,N/A,N/A,N/A,0,ACT,2016-01-29 16:42:06.0,214,2019-03-12 10:24:16.0,214,256,2000-01-01 00:00:00.0,2200-01-01 00:00:00.0,1,1,2019-04-17 14:55:06.0
145,264,Nguyễn Thị Hảo,N/A,N/A,N/A,0,ACT,2016-01-29 16:42:06.0,1,2016-01-29 16:42:06.0,1,264,2000-01-01 00:00:00.0,2200-01-01 00:00:00.0,1,1,2016-06-13 09:47:26.0
146,274,Hải Ly,N/A,N/A,N/A,0,ACT,2016-01-29 16:42:06.0,1,2016-01-29 16:42:06.0,1,274,2000-01-01 00:00:00.0,2200-01-01 00:00:00.0,1,1,2016-06-13 09:47:26.0
147,294,Phương Oanh,N/A,N/A,N/A,0,ACT,2016-02-19 10:08:52.0,4,2016-02-19 10:08:52.0,4,294,2000-01-01 00:00:00.0,2200-01-01 00:00:00.0,1,1,2016-06-13 09:47:26.0
148,308,Đặng Tiến Lộc,N/A,N/A,N/A,0,ACT,2016-02-22 03:34:50.0,4,2016-02-22 03:34:50.0,4,308,2000-01-01 00:00:00.0,2200-01-01 00:00:00.0,1,1,2016-06-13 09:47:26.0
149,344,Mai Khanh,N/A,N/A,N/A,0,ACT,2016-03-02 15:11:08.0,4,2016-03-02 15:11:26.0,4,344,2000-01-01 00:00:00.0,2200-01-01 00:00:00.0,1,1,2016-06-13 09:47:28.0
150,283,Ngô Diệu Châu,N/A,N/A,N/A,0,ACT,2016-03-21 17:59:19.0,1,2016-03-21 17:59:19.0,1,283,2000-01-01 00:00:00.0,2200-01-01 00:00:00.0,1,1,2016-06-13 09:47:28.0
151,290,Lưu Thị Thanh Huyền,N/A,N/A,N/A,0,ACT,2016-03-21 17:59:19.0,1,2016-03-21 17:59:19.0,1,290,2000-01-01 00:00:00.0,2200-01-01 00:00:00.0,1,1,2016-06-13 09:47:29.0
152,295,Nguyên Diệu - Phạm Trang,N/A,N/A,N/A,0,ACT,2016-03-21 17:59:19.0,1,2016-03-21 17:59:19.0,1,295,2000-01-01 00:00:00.0,2200-01-01 00:00:00.0,1,1,2016-06-13 09:47:29.0
153,302,Vũ Thị Hà,N/A,N/A,N/A,0,ACT,2016-03-21 17:59:19.0,1,2016-03-21 17:59:19.0,1,302,2000-01-01 00:00:00.0,2200-01-01 00:00:00.0,1,1,2016-06-13 09:47:29.0
154,310,Tạ Thu Hà,N/A,N/A,N/A,0,ACT,2016-03-21 17:59:19.0,1,2016-03-21 17:59:19.0,1,310,2000-01-01 00:00:00.0,2200-01-01 00:00:00.0,1,1,2016-06-13 09:47:29.0
155,371,Quỳnh Chi,N/A,N/A,N/A,0,ACT,2016-03-22 08:41:09.0,4,2016-03-22 08:41:09.0,4,371,2000-01-01 00:00:00.0,2200-01-01 00:00:00.0,1,1,2016-06-13 09:47:29.0
156,380,Anh Thư,N/A,N/A,N/A,0,ACT,2016-03-22 10:22:53.0,4,2016-03-22 10:22:53.0,4,380,2000-01-01 00:00:00.0,2200-01-01 00:00:00.0,1,1,2016-06-13 09:47:29.0
157,386,Nguyễn Phương Hùng,N/A,N/A,N/A,0,ACT,2016-03-22 13:48:02.0,4,2016-03-22 13:48:02.0,4,386,2000-01-01 00:00:00.0,2200-01-01 00:00:00.0,1,1,2016-06-13 09:47:29.0
158,400,Huyền Trang,N/A,N/A,N/A,0,ACT,2016-03-22 14:40:37.0,4,2016-03-22 14:40:37.0,4,400,2000-01-01 00:00:00.0,2200-01-01 00:00:00.0,1,1,2016-06-13 09:47:29.0
159,412,Nguyễn Kiến Giang,N/A,N/A,N/A,0,ACT,2016-03-23 10:35:39.0,4,2016-03-23 10:35:39.0,4,412,2000-01-01 00:00:00.0,2200-01-01 00:00:00.0,1,1,2016-06-13 09:47:29.0
160,419,Anh Toàn,N/A,N/A,N/A,0,ACT,2016-03-23 13:59:06.0,4,2016-03-23 13:59:06.0,4,419,2000-01-01 00:00:00.0,2200-01-01 00:00:00.0,1,1,2016-06-13 09:47:29.0
161,428,Bảo Trần,N/A,N/A,N/A,0,ACT,2016-03-25 09:16:21.0,119,2016-03-25 09:16:21.0,119,428,2000-01-01 00:00:00.0,2200-01-01 00:00:00.0,1,1,2016-06-13 09:47:29.0
162,434,Hoàng Oanh,N/A,N/A,N/A,0,ACT,2016-03-25 09:30:15.0,119,2016-03-25 09:30:15.0,119,434,2000-01-01 00:00:00.0,2200-01-01 00:00:00.0,1,1,2016-06-13 09:47:29.0
163,316,Trần Trọng Sâm,N/A,N/A,N/A,0,ACT,2016-04-06 15:09:46.0,1,2016-04-06 15:09:35.0,1,316,2000-01-01 00:00:00.0,2200-01-01 00:00:00.0,1,1,2016-06-13 09:47:29.0
164,323,Vũ Thái Hà & Lê Hoài Ân,N/A,N/A,N/A,0,ACT,2016-04-06 15:09:53.0,1,2016-04-06 15:09:42.0,1,323,2000-01-01 00:00:00.0,2200-01-01 00:00:00.0,1,1,2016-06-13 09:47:30.0
165,447,Minh Trâm,N/A,N/A,N/A,0,ACT,2016-05-13 13:56:31.0,4,2016-05-13 13:56:31.0,4,447,2000-01-01 00:00:00.0,2200-01-01 00:00:00.0,1,1,2016-06-13 09:47:32.0
166,440,Khánh Toàn,N/A,N/A,N/A,0,ACT,2016-05-12 15:29:57.0,4,2016-05-12 15:29:57.0,4,440,2000-01-01 00:00:00.0,2200-01-01 00:00:00.0,1,1,2016-06-13 09:47:32.0
167,443,Hồng Hạnh,N/A,N/A,N/A,0,ACT,2016-05-12 15:30:09.0,4,2016-05-12 15:30:09.0,4,443,2000-01-01 00:00:00.0,2200-01-01 00:00:00.0,1,1,2016-06-13 09:47:28.0
168,450,Nguyễn Tuệ Đan,N/A,N/A,N/A,0,ACT,2016-05-26 09:35:26.0,4,2016-05-26 09:35:26.0,4,450,2000-01-01 00:00:00.0,2200-01-01 00:00:00.0,1,1,2016-06-13 09:47:28.0
169,461,Tri Thức Việt,N/A,N/A,N/A,0,ACT,2016-05-26 09:56:59.0,4,2016-05-26 09:56:59.0,4,461,2000-01-01 00:00:00.0,2200-01-01 00:00:00.0,1,1,2016-06-13 09:47:28.0
170,480,Trần Đình Hiến,N/A,N/A,N/A,0,ACT,2016-05-30 11:03:33.0,4,2016-05-30 11:03:33.0,4,480,2000-01-01 00:00:00.0,2200-01-01 00:00:00.0,1,1,2016-06-13 09:47:28.0
171,446,Phạm Minh Điệp,N/A,N/A,N/A,0,ACT,2016-05-13 09:37:02.0,4,2016-05-13 09:37:02.0,4,446,2000-01-01 00:00:00.0,2200-01-01 00:00:00.0,1,1,2016-06-13 09:47:30.0
172,453,Nguyễn Thành Nhân,N/A,N/A,N/A,0,ACT,2016-05-26 09:38:35.0,4,2016-05-26 09:38:35.0,4,453,2000-01-01 00:00:00.0,2200-01-01 00:00:00.0,1,1,2016-06-13 09:47:30.0
173,471,Diệu Linh,N/A,N/A,N/A,0,ACT,2016-05-30 09:56:31.0,4,2016-05-30 09:56:31.0,4,471,2000-01-01 00:00:00.0,2200-01-01 00:00:00.0,1,1,2016-06-13 09:47:30.0
174,485,Nguyễn Hồng Lê,N/A,N/A,N/A,0,ACT,2016-06-03 16:57:19.0,4,2016-06-03 16:57:19.0,4,485,2000-01-01 00:00:00.0,2200-01-01 00:00:00.0,1,1,2016-06-13 09:47:30.0
175,458,Nguyễn Minh Sơn,N/A,N/A,N/A,0,ACT,2016-05-26 09:53:30.0,4,2016-05-26 09:53:30.0,4,458,2000-01-01 00:00:00.0,2200-01-01 00:00:00.0,1,1,2016-06-13 09:47:32.0
176,474,Lê Bá Thự,N/A,N/A,N/A,0,ACT,2016-05-30 10:06:16.0,4,2016-05-30 10:06:16.0,4,474,2000-01-01 00:00:00.0,2200-01-01 00:00:00.0,1,1,2016-06-17 08:56:00.0
177,495,Phan Thanh Huyền,N/A,N/A,N/A,0,ACT,2016-06-07 15:56:53.0,4,2016-06-07 15:56:53.0,4,495,2000-01-01 00:00:00.0,2200-01-01 00:00:00.0,1,1,2016-06-17 08:56:00.0
178,489,Lâm Đặng Cam Thảo,N/A,N/A,N/A,0,ACT,2016-06-07 14:05:40.0,4,2016-06-07 14:05:40.0,4,489,2000-01-01 00:00:00.0,2200-01-01 00:00:00.0,1,1,2016-06-17 08:56:00.0
179,239,Ngọc Linh,N/A,N/A,N/A,0,ACT,2016-01-29 16:42:06.0,1,2016-01-29 16:42:06.0,1,239,2000-01-01 00:00:00.0,2200-01-01 00:00:00.0,1,1,2016-07-01 10:20:52.0
180,515,Thủy Hương,N/A,N/A,N/A,0,ACT,2016-06-16 16:26:22.0,4,2016-06-16 16:26:22.0,4,515,2000-01-01 00:00:00.0,2200-01-01 00:00:00.0,1,1,2016-07-01 10:20:57.0
181,498,Phan Hồng Hà,N/A,N/A,N/A,0,ACT,2016-06-07 15:57:15.0,4,2016-06-07 15:57:15.0,4,498,2000-01-01 00:00:00.0,2200-01-01 00:00:00.0,1,1,2016-07-01 10:20:58.0
182,518,Vũ Thanh Nhàn,N/A,N/A,N/A,0,ACT,2016-06-16 16:32:52.0,4,2016-06-16 16:32:52.0,4,518,2000-01-01 00:00:00.0,2200-01-01 00:00:00.0,1,1,2016-07-01 10:20:58.0
183,512,Nguyễn Thanh Huyền,N/A,N/A,N/A,0,ACT,2016-06-16 16:15:55.0,4,2016-06-16 16:15:55.0,4,512,2000-01-01 00:00:00.0,2200-01-01 00:00:00.0,1,1,2016-07-01 10:20:59.0
184,524,Rubi Thúy,N/A,N/A,N/A,0,ACT,2016-06-24 13:58:23.0,4,2016-06-24 13:58:23.0,4,524,2000-01-01 00:00:00.0,2200-01-01 00:00:00.0,1,1,2016-07-22 16:10:45.0
185,519,Quỳnh Ca,N/A,N/A,N/A,0,ACT,2016-06-16 16:35:13.0,4,2016-06-16 16:35:13.0,4,519,2000-01-01 00:00:00.0,2200-01-01 00:00:00.0,1,1,2016-07-22 16:10:45.0
186,525,Trần Việt Linh,N/A,N/A,N/A,0,ACT,2016-07-05 08:55:58.0,4,2016-07-05 08:55:58.0,4,525,2000-01-01 00:00:00.0,2200-01-01 00:00:00.0,1,1,2016-07-25 14:32:36.0
187,546,Ngô Cẩm Ly,N/A,N/A,N/A,0,ACT,2016-07-25 12:43:37.0,4,2016-07-25 12:43:37.0,4,546,2000-01-01 00:00:00.0,2200-01-01 00:00:00.0,1,1,2016-07-26 09:43:13.0
188,549,Bùi Nga,N/A,N/A,N/A,0,ACT,2016-07-26 08:11:14.0,4,2016-07-26 08:11:14.0,4,549,2000-01-01 00:00:00.0,2200-01-01 00:00:00.0,1,1,2016-07-26 10:51:21.0
189,564,Lâm Thúy Kim,N/A,N/A,N/A,0,ACT,2016-08-04 16:10:23.0,4,2016-08-04 16:10:23.0,4,564,2000-01-01 00:00:00.0,2200-01-01 00:00:00.0,1,1,2016-08-08 11:56:46.0
190,566,Gia Phương,N/A,N/A,N/A,0,ACT,2016-08-05 16:05:38.0,4,2016-08-05 16:05:38.0,4,566,2000-01-01 00:00:00.0,2200-01-01 00:00:00.0,1,1,2016-08-26 11:16:17.0
191,579,Nguyễn Thị Thu Thủy,N/A,N/A,N/A,0,ACT,2016-12-21 10:06:09.0,146,2016-12-21 10:06:09.0,146,579,2000-01-01 00:00:00.0,2200-01-01 00:00:00.0,1,1,2016-12-21 10:59:27.0
192,581,An Nhiên,N/A,N/A,N/A,0,ACT,2017-02-08 08:39:15.0,146,2017-02-08 08:39:15.0,146,581,2000-01-01 00:00:00.0,2200-01-01 00:00:00.0,1,1,2017-02-09 15:45:22.0
193,584,Nguyên Hy,N/A,N/A,N/A,0,ACT,2017-02-08 09:05:39.0,146,2017-02-08 09:05:39.0,146,584,2000-01-01 00:00:00.0,2200-01-01 00:00:00.0,1,1,2017-03-10 16:24:51.0
194,593,Orkid,N/A,N/A,N/A,0,ACT,2017-03-08 15:27:46.0,214,2017-03-08 15:27:46.0,214,593,2000-01-01 00:00:00.0,2200-01-01 00:00:00.0,1,1,2017-03-20 08:34:59.0
195,600,Nguyễn Viết Chi,N/A,N/A,N/A,0,ACT,2017-03-10 15:27:28.0,214,2017-03-10 15:27:28.0,214,600,2000-01-01 00:00:00.0,2200-01-01 00:00:00.0,1,1,2017-03-20 08:34:59.0
196,8,Trần Thu Hiên,N/A,N/A,N/A,0,ACT,2015-09-21 10:25:12.0,214,2015-09-21 10:25:12.0,214,8,2000-01-01 00:00:00.0,2200-01-01 00:00:00.0,1,1,2018-09-10 23:22:06.0
197,456,Đặng Quang Hiếu,N/A,N/A,N/A,0,ACT,2016-05-26 09:50:14.0,214,2016-05-26 09:50:14.0,214,456,2000-01-01 00:00:00.0,2200-01-01 00:00:00.0,1,1,2018-09-10 23:22:07.0
198,464,Nguyễn Thị Kim Châu,N/A,N/A,N/A,0,ACT,2016-05-26 10:23:12.0,214,2016-05-26 10:23:12.0,214,464,2000-01-01 00:00:00.0,2200-01-01 00:00:00.0,1,1,2018-09-10 23:22:07.0
199,465,Bùi Thị Kiều Nga,N/A,N/A,N/A,0,ACT,2016-05-27 10:03:48.0,4,2016-05-27 10:03:48.0,4,465,2000-01-01 00:00:00.0,2200-01-01 00:00:00.0,1,1,2018-09-10 23:22:07.0
200,476,Bùi Thanh Châu,N/A,N/A,N/A,0,ACT,2016-05-30 10:21:44.0,214,2016-05-30 10:21:44.0,214,476,2000-01-01 00:00:00.0,2200-01-01 00:00:00.0,1,1,2018-09-10 23:22:07.0
201,486,Bùi Thị Ngọc Hương ,N/A,N/A,N/A,0,ACT,2016-06-07 10:34:25.0,214,2016-06-07 10:34:25.0,214,486,2000-01-01 00:00:00.0,2200-01-01 00:00:00.0,1,1,2018-09-10 23:22:07.0
202,492,Đặng Ngọc Thanh Thảo,N/A,N/A,N/A,0,ACT,2016-06-07 14:42:03.0,214,2016-06-07 14:42:03.0,214,492,2000-01-01 00:00:00.0,2200-01-01 00:00:00.0,1,1,2018-09-10 23:22:07.0
203,500,TriBookers,N/A,N/A,N/A,0,ACT,2016-06-07 16:21:36.0,214,2016-06-07 16:21:36.0,214,500,2000-01-01 00:00:00.0,2200-01-01 00:00:00.0,1,1,2018-09-10 23:22:07.0
204,501,Lê Văn Mậu,N/A,N/A,N/A,0,ACT,2016-06-08 16:06:03.0,214,2016-06-08 16:06:03.0,214,501,2000-01-01 00:00:00.0,2200-01-01 00:00:00.0,1,1,2018-09-10 23:22:07.0
205,504,Trần Thế Lâm,N/A,N/A,N/A,0,ACT,2016-06-08 16:06:20.0,214,2016-06-08 16:06:20.0,214,504,2000-01-01 00:00:00.0,2200-01-01 00:00:00.0,1,1,2018-09-10 23:22:07.0
206,522,Quế Chi,N/A,N/A,N/A,0,ACT,2016-06-16 16:40:45.0,4,2016-06-16 16:40:45.0,4,522,2000-01-01 00:00:00.0,2200-01-01 00:00:00.0,1,1,2018-09-10 23:22:07.0
207,527,Lê Thanh Dũng,N/A,N/A,N/A,0,ACT,2016-07-14 09:39:55.0,4,2016-07-14 09:39:55.0,4,527,2000-01-01 00:00:00.0,2200-01-01 00:00:00.0,1,1,2018-09-10 23:22:07.0
208,528,Quế Sơn,N/A,N/A,N/A,0,ACT,2016-07-14 15:06:25.0,4,2016-07-14 15:06:25.0,4,528,2000-01-01 00:00:00.0,2200-01-01 00:00:00.0,1,1,2018-09-10 23:22:07.0
209,531,Nguyên Giác,N/A,N/A,N/A,0,ACT,2016-07-14 15:44:33.0,4,2016-07-14 15:44:33.0,4,531,2000-01-01 00:00:00.0,2200-01-01 00:00:00.0,1,1,2018-09-10 23:22:07.0
210,533,Hiền Lê,N/A,N/A,N/A,0,ACT,2016-07-14 15:49:52.0,4,2016-07-14 15:49:52.0,4,533,2000-01-01 00:00:00.0,2200-01-01 00:00:00.0,1,1,2018-09-10 23:22:07.0
211,536,Mai Sơn,N/A,N/A,N/A,0,ACT,2016-07-14 15:55:15.0,4,2016-07-14 15:55:15.0,4,536,2000-01-01 00:00:00.0,2200-01-01 00:00:00.0,1,1,2018-09-10 23:22:07.0
212,539,Nguyễn Mạnh Hùng,N/A,N/A,N/A,0,ACT,2016-07-14 15:57:55.0,4,2016-07-14 15:57:55.0,4,539,2000-01-01 00:00:00.0,2200-01-01 00:00:00.0,1,1,2018-09-10 23:22:07.0
213,542,Việt Khôi,N/A,N/A,N/A,0,ACT,2016-07-14 16:40:00.0,4,2016-07-14 16:40:00.0,4,542,2000-01-01 00:00:00.0,2200-01-01 00:00:00.0,1,1,2018-09-10 23:22:07.0
214,545,Tạ Huyền,N/A,N/A,N/A,0,ACT,2016-07-14 16:48:08.0,4,2016-07-14 16:48:08.0,4,545,2000-01-01 00:00:00.0,2200-01-01 00:00:00.0,1,1,2018-09-10 23:22:07.0
215,551,Thanh Nhã,N/A,N/A,N/A,0,ACT,2016-07-26 08:29:09.0,4,2016-07-26 08:29:09.0,4,551,2000-01-01 00:00:00.0,2200-01-01 00:00:00.0,1,1,2018-09-10 23:22:07.0
216,567,Chơn Nguyên,N/A,N/A,N/A,0,ACT,2016-08-26 10:44:17.0,141,2016-08-26 10:44:17.0,141,567,2000-01-01 00:00:00.0,2200-01-01 00:00:00.0,1,1,2018-09-10 23:22:07.0
217,569,Siêu Thiền,N/A,N/A,N/A,0,ACT,2016-08-26 10:56:32.0,141,2016-08-26 10:56:32.0,141,569,2000-01-01 00:00:00.0,2200-01-01 00:00:00.0,1,1,2018-09-10 23:22:07.0
218,572,First News,N/A,N/A,N/A,0,ACT,2016-11-09 15:34:57.0,146,2016-11-09 15:35:43.0,146,572,2000-01-01 00:00:00.0,2200-01-01 00:00:00.0,1,1,2018-09-10 23:22:07.0
219,573,Lê Uyên Thảo ,N/A,N/A,N/A,0,ACT,2016-12-21 08:53:23.0,146,2016-12-21 08:53:23.0,146,573,2000-01-01 00:00:00.0,2200-01-01 00:00:00.0,1,1,2018-09-10 23:22:07.0
220,575,Ngọc Trung,N/A,N/A,N/A,0,ACT,2016-12-21 09:47:56.0,146,2016-12-21 09:47:56.0,146,575,2000-01-01 00:00:00.0,2200-01-01 00:00:00.0,1,1,2018-09-10 23:22:07.0
221,578,Hồng Tú,N/A,N/A,N/A,0,ACT,2016-12-21 09:48:12.0,146,2016-12-21 09:48:12.0,146,578,2000-01-01 00:00:00.0,2200-01-01 00:00:00.0,1,1,2018-09-10 23:22:07.0
222,590,Hương Châu,N/A,N/A,N/A,0,ACT,2017-03-08 15:11:00.0,214,2017-03-08 15:11:13.0,214,590,2000-01-01 00:00:00.0,2200-01-01 00:00:00.0,1,1,2018-09-10 23:22:07.0
223,597,Hiếu Tân,N/A,N/A,N/A,0,ACT,2017-03-10 15:26:06.0,214,2017-03-10 15:26:06.0,214,597,2000-01-01 00:00:00.0,2200-01-01 00:00:00.0,1,1,2018-09-10 23:22:07.0
224,602,Lê Thị Hoa,N/A,N/A,N/A,0,ACT,2017-04-04 16:07:31.0,214,2017-04-04 16:07:53.0,214,602,2000-01-01 00:00:00.0,2200-01-01 00:00:00.0,1,1,2018-09-10 23:22:07.0
225,603,Thinhnv Test 01,N/A,N/A,N/A,0,ACT,2019-05-14 10:02:28.0,214,2019-05-14 10:02:28.0,214,603,2000-01-01 00:00:00.0,2200-01-01 00:00:00.0,1,1,2019-05-14 11:21:11.0
226,605,Nhóm dịch 1,N/A,N/A,N/A,0,ACT,2019-05-16 13:59:34.0,214,2019-05-16 13:59:34.0,214,605,2000-01-01 00:00:00.0,2200-01-01 00:00:00.0,1,1,2019-06-19 23:21:17.0
227,615,Nhóm dịch 2,N/A,N/A,N/A,0,ACT,2019-05-16 14:53:44.0,214,2019-05-16 14:54:01.0,214,615,2000-01-01 00:00:00.0,2200-01-01 00:00:00.0,1,1,2019-06-19 23:21:17.0
228,621,Test Giai Cấp Vô Sản,N/A,N/A,N/A,0,ACT,2019-05-24 14:16:14.0,214,2019-06-13 15:10:20.0,214,621,2000-01-01 00:00:00.0,2200-01-01 00:00:00.0,1,1,2019-06-19 23:21:17.0
229,626,Test Uy Vũ,N/A,N/A,N/A,0,ACT,2019-05-24 14:20:32.0,214,2019-06-13 15:44:02.0,214,626,2000-01-01 00:00:00.0,2200-01-01 00:00:00.0,1,1,2019-06-19 23:21:17.0
230,617,Test Vân Linh San,N/A,N/A,N/A,0,ACT,2019-05-24 14:09:43.0,214,2019-06-13 16:51:53.0,214,617,2000-01-01 00:00:00.0,2200-01-01 00:00:00.0,1,1,2019-06-19 23:21:17.0
231,613,Test Xinh Đẹp,N/A,N/A,N/A,0,ACT,2019-05-16 14:16:05.0,214,2019-06-13 16:52:21.0,214,613,2000-01-01 00:00:00.0,2200-01-01 00:00:00.0,1,1,2019-06-19 23:21:17.0
232,618,Test nhóm 5CE,N/A,N/A,N/A,0,ACT,2019-05-24 14:12:28.0,214,2019-06-13 16:52:24.0,214,618,2000-01-01 00:00:00.0,2200-01-01 00:00:00.0,1,1,2019-06-19 23:21:17.0
233,623,Test Bánh Quy Bơ,N/A,N/A,N/A,0,ACT,2019-05-24 14:17:13.0,214,2019-06-13 16:52:26.0,214,623,2000-01-01 00:00:00.0,2200-01-01 00:00:00.0,1,1,2019-06-19 23:21:17.0
234,607,Test Họa Thủy Ương Ương,N/A,N/A,N/A,0,ACT,2019-05-16 14:06:18.0,214,2019-06-13 16:52:28.0,214,607,2000-01-01 00:00:00.0,2200-01-01 00:00:00.0,1,1,2019-06-19 23:21:17.0
235,610,Test Mộc Yên,N/A,N/A,N/A,0,ACT,2019-05-16 14:10:01.0,214,2019-06-13 16:52:31.0,214,610,2000-01-01 00:00:00.0,2200-01-01 00:00:00.0,1,1,2019-06-19 23:21:17.0
236,634,Bánh Quy Bơ_FLC,N/A,N/A,N/A,0,ACT,2019-07-18 08:10:57.0,214,2019-07-24 10:36:22.0,214,634,2000-01-01 00:00:00.0,2200-01-01 00:00:00.0,1,1,2019-07-24 11:21:09.0
237,638,Tiên Huyền_FLC,N/A,N/A,N/A,0,ACT,2019-07-18 08:20:34.0,214,2019-07-24 10:36:59.0,214,638,2000-01-01 00:00:00.0,2200-01-01 00:00:00.0,1,1,2019-07-24 11:21:09.0
238,643,Minh Hằng,N/A,N/A,N/A,0,ACT,2019-07-18 09:40:49.0,214,2019-07-18 09:40:49.0,214,643,2000-01-01 00:00:00.0,2200-01-01 00:00:00.0,1,1,2019-07-22 11:21:09.0
239,644,Hình Phong,N/A,N/A,N/A,0,ACT,2019-07-18 09:45:14.0,214,2019-07-18 09:45:14.0,214,644,2000-01-01 00:00:00.0,2200-01-01 00:00:00.0,1,1,2019-07-22 11:21:09.0
240,647,Bảo Linh,N/A,N/A,N/A,0,ACT,2019-07-18 09:53:54.0,214,2019-07-18 09:53:54.0,214,647,2000-01-01 00:00:00.0,2200-01-01 00:00:00.0,1,1,2019-07-22 11:21:09.0
241,649,Waka,N/A,N/A,N/A,0,ACT,2019-07-22 08:14:16.0,214,2019-07-22 08:14:16.0,214,649,2000-01-01 00:00:00.0,2019-07-23 00:00:00.0,1,0,2019-07-23 23:21:11.0
242,649,Waka,N/A,N/A,N/A,0,INA,2019-07-22 08:14:16.0,214,2019-07-23 15:32:52.0,214,649,2019-07-23 00:00:00.0,2019-07-23 00:00:00.0,2,0,2019-07-23 23:21:11.0
243,649,Waka,N/A,N/A,N/A,0,ACT,2019-07-22 08:14:16.0,214,2019-07-24 11:17:04.0,214,649,2019-07-23 00:00:00.0,2200-01-01 00:00:00.0,3,1,2019-07-24 11:21:10.0
244,628,Hoa Mộc Lan_FLC,N/A,N/A,N/A,0,ACT,2019-07-18 08:02:13.0,214,2019-07-24 10:35:58.0,214,628,2000-01-01 00:00:00.0,2200-01-01 00:00:00.0,1,1,2019-07-24 11:21:09.0
245,631,Táo Đỏ_FLC,N/A,N/A,N/A,0,ACT,2019-07-18 08:04:44.0,214,2019-07-24 10:36:10.0,214,631,2000-01-01 00:00:00.0,2200-01-01 00:00:00.0,1,1,2019-07-24 11:21:09.0
246,641,Hàn Vũ Phi_FLC,N/A,N/A,N/A,0,ACT,2019-07-18 08:21:36.0,214,2019-07-24 10:37:11.0,214,641,2000-01-01 00:00:00.0,2200-01-01 00:00:00.0,1,1,2019-07-24 11:21:09.0
247,636,Thánh Thiên Tiên Vực_FLC,N/A,N/A,N/A,0,ACT,2019-07-18 08:18:17.0,214,2019-08-02 08:05:33.0,214,636,2000-01-01 00:00:00.0,2200-01-01 00:00:00.0,1,1,2019-08-02 11:21:12.0
248,637,Mộc Yên_FLC,N/A,N/A,N/A,0,ACT,2019-07-18 08:20:18.0,214,2019-07-24 14:08:46.0,214,637,2000-01-01 00:00:00.0,2200-01-01 00:00:00.0,1,1,2019-07-25 11:21:06.0
249,653,Nhất Thế Thanh Xuân_FLC,N/A,N/A,N/A,0,ACT,2019-07-31 11:37:14.0,214,2019-07-31 11:37:14.0,214,653,2000-01-01 00:00:00.0,2200-01-01 00:00:00.0,1,1,2019-08-02 11:21:12.0
250,660,Hà Diệp Dư_FLC,N/A,N/A,N/A,0,ACT,2019-07-31 11:41:16.0,214,2019-07-31 11:44:11.0,214,660,2000-01-01 00:00:00.0,2200-01-01 00:00:00.0,1,1,2019-08-02 11:21:12.0
251,656,Ngọc Dung_FLC,N/A,N/A,N/A,0,ACT,2019-07-31 11:39:37.0,214,2019-07-31 11:56:37.0,214,656,2000-01-01 00:00:00.0,2200-01-01 00:00:00.0,1,1,2019-08-02 11:21:12.0
1,0,N/A,N/A,N/A,N/A,0,N/A,2000-01-01 00:00:00.0,0,NULL,0,0,2014-01-01 00:00:00.0,2020-12-30 00:00:00.0,1,1,2016-06-03 14:02:08.0
2,6,Nguyễn Thanh Thúy,N/A,N/A,N/A,0,ACT,2015-09-21 10:25:07.0,1,2015-09-21 10:25:07.0,1,6,2000-01-01 00:00:00.0,2200-01-01 00:00:00.0,1,1,2016-06-13 09:47:13.0
3,15,Lê Ngọc Thảo,N/A,N/A,N/A,0,ACT,2015-10-29 09:55:41.0,1,2015-10-29 09:55:41.0,1,15,2000-01-01 00:00:00.0,2200-01-01 00:00:00.0,1,1,2016-06-13 09:47:14.0
4,19,Lộc Diệu Linh,N/A,N/A,N/A,0,ACT,2015-11-02 10:11:35.0,1,2015-11-02 10:11:35.0,1,19,2000-01-01 00:00:00.0,2200-01-01 00:00:00.0,1,1,2016-06-13 09:47:14.0
5,25,Phan Hoàng Hà,N/A,N/A,N/A,0,ACT,2015-11-02 15:38:25.0,1,2015-11-02 15:38:25.0,1,25,2000-01-01 00:00:00.0,2200-01-01 00:00:00.0,1,1,2016-06-13 09:47:14.0
6,29,Nguyễn Đức Cường,N/A,N/A,N/A,0,ACT,2015-11-02 17:28:57.0,1,2015-11-02 17:28:57.0,1,29,2000-01-01 00:00:00.0,2200-01-01 00:00:00.0,1,1,2016-06-13 09:47:17.0
7,34,Nguyên Trần,N/A,N/A,N/A,0,ACT,2015-11-02 17:29:31.0,1,2015-11-02 17:29:31.0,1,34,2000-01-01 00:00:00.0,2200-01-01 00:00:00.0,1,1,2016-06-13 09:47:17.0
8,41,Cẩm Chi,N/A,N/A,N/A,0,ACT,2015-11-03 15:47:48.0,1,2015-11-03 15:47:48.0,1,41,2000-01-01 00:00:00.0,2200-01-01 00:00:00.0,1,1,2016-06-13 09:47:17.0
9,47,Đang Cập Nhật,N/A,N/A,N/A,0,ACT,2015-11-05 14:01:55.0,1,2015-11-05 14:01:55.0,1,47,2000-01-01 00:00:00.0,2200-01-01 00:00:00.0,1,1,2016-06-13 09:47:18.0
10,52,Tôn Thất Lan,N/A,N/A,N/A,0,ACT,2015-11-12 14:45:02.0,1,2015-11-12 14:45:02.0,1,52,2000-01-01 00:00:00.0,2200-01-01 00:00:00.0,1,1,2016-06-13 09:47:18.0
11,58,An Bình,N/A,N/A,N/A,0,ACT,2015-11-12 15:09:06.0,1,2015-11-12 15:09:06.0,1,58,2000-01-01 00:00:00.0,2200-01-01 00:00:00.0,1,1,2016-06-13 09:47:18.0
12,62,Cao Xuân Việt Khương,N/A,N/A,N/A,0,ACT,2015-11-12 16:20:43.0,1,2015-11-12 16:20:43.0,1,62,2000-01-01 00:00:00.0,2200-01-01 00:00:00.0,1,1,2016-06-13 09:47:18.0
13,73,Thục Nhi,N/A,N/A,N/A,0,ACT,2015-11-18 09:30:58.0,1,2015-11-18 09:30:58.0,1,73,2000-01-01 00:00:00.0,2200-01-01 00:00:00.0,1,1,2016-06-13 09:47:18.0
14,77,Keichan,N/A,N/A,N/A,0,ACT,2015-11-18 14:56:16.0,1,2015-11-18 14:56:16.0,1,77,2000-01-01 00:00:00.0,2200-01-01 00:00:00.0,1,1,2016-06-13 09:47:19.0
15,85,Bảo Trâm,N/A,N/A,N/A,0,ACT,2015-11-18 15:22:44.0,1,2015-11-18 15:22:44.0,1,85,2000-01-01 00:00:00.0,2200-01-01 00:00:00.0,1,1,2016-06-13 09:47:19.0
16,92,Nguyên Phong,N/A,N/A,N/A,0,ACT,2015-11-18 15:54:13.0,1,2015-11-18 15:54:13.0,1,92,2000-01-01 00:00:00.0,2200-01-01 00:00:00.0,1,1,2016-06-13 09:47:19.0
17,101,Nguyễn Thu Phương,N/A,N/A,N/A,0,ACT,2015-11-19 11:13:15.0,1,2015-11-19 11:13:15.0,1,101,2000-01-01 00:00:00.0,2200-01-01 00:00:00.0,1,1,2016-06-13 09:47:19.0
18,107,Tử Đằng,N/A,N/A,N/A,0,ACT,2015-11-19 14:59:32.0,1,2015-11-19 14:59:32.0,1,107,2000-01-01 00:00:00.0,2200-01-01 00:00:00.0,1,1,2016-06-13 09:47:19.0
19,119,Trần Cung,N/A,N/A,N/A,0,ACT,2015-11-19 15:45:12.0,1,2015-11-19 15:45:12.0,1,119,2000-01-01 00:00:00.0,2200-01-01 00:00:00.0,1,1,2016-06-13 09:47:19.0
20,129,Trần Quỳnh Hương,N/A,N/A,N/A,0,ACT,2015-11-21 09:23:05.0,1,2015-11-21 09:23:05.0,1,129,2000-01-01 00:00:00.0,2200-01-01 00:00:00.0,1,1,2016-06-13 09:47:19.0
21,141,Cẩm Ninh,N/A,N/A,N/A,0,ACT,2015-11-21 09:52:33.0,1,2015-11-21 09:52:33.0,1,141,2000-01-01 00:00:00.0,2200-01-01 00:00:00.0,1,1,2016-06-13 09:47:20.0
22,158,Phong Lâm Lạc Tuyết,N/A,N/A,N/A,0,ACT,2015-11-23 17:20:04.0,1,2015-11-23 17:20:04.0,1,158,2000-01-01 00:00:00.0,2200-01-01 00:00:00.0,1,1,2016-06-13 09:47:20.0
23,164,Nguyễn Thị Thại,N/A,N/A,N/A,0,ACT,2015-11-26 14:52:25.0,1,2015-11-26 14:52:25.0,1,164,2000-01-01 00:00:00.0,2200-01-01 00:00:00.0,1,1,2016-06-13 09:47:20.0
24,171,Lương Hiền,N/A,N/A,N/A,0,ACT,2015-11-26 14:58:46.0,1,2015-11-26 14:58:46.0,1,171,2000-01-01 00:00:00.0,2200-01-01 00:00:00.0,1,1,2016-06-13 09:47:20.0
25,176,Phạm Thị Minh Thuận,N/A,N/A,N/A,0,ACT,2015-11-27 10:21:27.0,1,2015-11-27 10:21:27.0,1,176,2000-01-01 00:00:00.0,2200-01-01 00:00:00.0,1,1,2016-06-13 09:47:20.0
26,182,Mạc Phong,N/A,N/A,N/A,0,ACT,2015-11-28 08:16:44.0,1,2015-11-28 08:16:44.0,1,182,2000-01-01 00:00:00.0,2200-01-01 00:00:00.0,1,1,2016-06-13 09:47:20.0
27,191,Lục Bích,N/A,N/A,N/A,0,ACT,2015-11-28 08:39:06.0,1,2015-11-28 08:39:06.0,1,191,2000-01-01 00:00:00.0,2200-01-01 00:00:00.0,1,1,2016-06-13 09:47:20.0
28,201,Nguyễn Vinh Chi,N/A,N/A,N/A,0,ACT,2015-11-28 10:16:58.0,1,2015-11-28 10:16:58.0,1,201,2000-01-01 00:00:00.0,2200-01-01 00:00:00.0,1,1,2016-06-13 09:47:25.0
29,205,Trần Thúy Hiền,N/A,N/A,N/A,0,ACT,2015-12-02 08:50:03.0,1,2015-12-02 08:50:03.0,1,205,2000-01-01 00:00:00.0,2200-01-01 00:00:00.0,1,1,2016-06-13 09:47:25.0
30,213,Phương Thảo,N/A,N/A,N/A,0,ACT,2015-12-02 15:47:02.0,1,2015-12-02 15:47:02.0,1,213,2000-01-01 00:00:00.0,2200-01-01 00:00:00.0,1,1,2016-06-13 09:47:25.0
31,223,Hà Thị Thu Vân,N/A,N/A,N/A,0,ACT,2015-12-04 16:48:11.0,1,2015-12-04 16:48:11.0,1,223,2000-01-01 00:00:00.0,2200-01-01 00:00:00.0,1,1,2016-06-13 09:47:25.0
32,228,Rainyalice,N/A,N/A,N/A,0,ACT,2016-01-29 16:42:06.0,1,2016-01-29 16:42:06.0,1,228,2000-01-01 00:00:00.0,2200-01-01 00:00:00.0,1,1,2016-06-13 09:47:25.0
33,237,Trần Hồng Ánh,N/A,N/A,N/A,0,ACT,2016-01-29 16:42:06.0,1,2016-01-29 16:42:06.0,1,237,2000-01-01 00:00:00.0,2200-01-01 00:00:00.0,1,1,2016-06-13 09:47:25.0
34,247,Nguyễn Trang,N/A,N/A,N/A,0,ACT,2016-01-29 16:42:06.0,1,2016-01-29 16:42:06.0,1,247,2000-01-01 00:00:00.0,2200-01-01 00:00:00.0,1,1,2016-06-13 09:47:25.0
35,255,Thanh Huyền,N/A,N/A,N/A,0,ACT,2016-01-29 16:42:06.0,1,2016-01-29 16:42:06.0,1,255,2000-01-01 00:00:00.0,2200-01-01 00:00:00.0,1,1,2016-06-13 09:47:26.0
36,262,Trang Anh,N/A,N/A,N/A,0,ACT,2016-01-29 16:42:06.0,1,2016-01-29 16:42:06.0,1,262,2000-01-01 00:00:00.0,2200-01-01 00:00:00.0,1,1,2016-06-13 09:47:26.0
37,268,Nguyễn Kim Liên,N/A,N/A,N/A,0,ACT,2016-01-29 16:42:06.0,1,2016-01-29 16:42:06.0,1,268,2000-01-01 00:00:00.0,2200-01-01 00:00:00.0,1,1,2016-06-13 09:47:27.0
38,280,Nguyễn Phương Linh,N/A,N/A,N/A,0,ACT,2016-01-29 16:42:06.0,1,2016-01-29 16:42:06.0,1,280,2000-01-01 00:00:00.0,2200-01-01 00:00:00.0,1,1,2016-06-13 09:47:27.0
39,306,Thủy Nguyệt,N/A,N/A,N/A,0,ACT,2016-02-22 02:55:42.0,4,2016-02-22 02:55:42.0,4,306,2000-01-01 00:00:00.0,2200-01-01 00:00:00.0,1,1,2016-06-13 09:47:27.0
40,343,Nguyễn Thế Anh,N/A,N/A,N/A,0,ACT,2016-03-02 15:05:47.0,4,2016-03-02 15:05:47.0,4,343,2000-01-01 00:00:00.0,2200-01-01 00:00:00.0,1,1,2016-06-13 09:47:27.0
41,281,Hoàng Xuân Diễm,N/A,N/A,N/A,0,ACT,2016-03-21 17:59:19.0,1,2016-03-21 17:59:19.0,1,281,2000-01-01 00:00:00.0,2200-01-01 00:00:00.0,1,1,2016-06-13 09:47:27.0
42,287,Hàn Viên,N/A,N/A,N/A,0,ACT,2016-03-21 17:59:19.0,1,2016-03-21 17:59:19.0,1,287,2000-01-01 00:00:00.0,2200-01-01 00:00:00.0,1,1,2016-06-13 09:47:27.0
43,293,Kiều Anh Tú,N/A,N/A,N/A,0,ACT,2016-03-21 17:59:19.0,1,2016-03-21 17:59:19.0,1,293,2000-01-01 00:00:00.0,2200-01-01 00:00:00.0,1,1,2016-06-13 09:47:27.0
44,299,Hương Ly,N/A,N/A,N/A,0,ACT,2016-03-21 17:59:19.0,1,2016-03-21 17:59:19.0,1,299,2000-01-01 00:00:00.0,2200-01-01 00:00:00.0,1,1,2016-06-13 09:47:27.0
45,307,Tô Tưởng,N/A,N/A,N/A,0,ACT,2016-03-21 17:59:19.0,1,2016-03-21 17:59:19.0,1,307,2000-01-01 00:00:00.0,2200-01-01 00:00:00.0,1,1,2016-06-13 09:47:27.0
46,313,Trịnh Lữ,N/A,N/A,N/A,0,ACT,2016-03-21 17:59:19.0,1,2016-03-21 17:59:19.0,1,313,2000-01-01 00:00:00.0,2200-01-01 00:00:00.0,1,1,2016-06-13 09:47:27.0
47,377,Hồng Việt,N/A,N/A,N/A,0,ACT,2016-03-22 10:06:44.0,4,2016-03-22 10:06:44.0,4,377,2000-01-01 00:00:00.0,2200-01-01 00:00:00.0,1,1,2016-06-13 09:47:27.0
48,383,Phạm Thu Giang,N/A,N/A,N/A,0,ACT,2016-03-22 10:26:48.0,119,2016-03-22 10:26:48.0,119,383,2000-01-01 00:00:00.0,2200-01-01 00:00:00.0,1,1,2016-06-13 09:47:27.0
49,392,Trần Thanh Hương,N/A,N/A,N/A,0,ACT,2016-03-22 14:17:18.0,4,2016-03-22 14:17:18.0,4,392,2000-01-01 00:00:00.0,2200-01-01 00:00:00.0,1,1,2016-06-13 09:47:28.0
50,406,Phương Thúy,N/A,N/A,N/A,0,ACT,2016-03-22 16:31:45.0,4,2016-03-22 16:31:45.0,4,406,2000-01-01 00:00:00.0,2200-01-01 00:00:00.0,1,1,2016-06-13 09:47:28.0
51,416,Bích Việt,N/A,N/A,N/A,0,ACT,2016-03-23 13:58:55.0,4,2016-03-23 13:58:55.0,4,416,2000-01-01 00:00:00.0,2200-01-01 00:00:00.0,1,1,2016-06-13 09:47:28.0
52,427,Thích Quang Địch,N/A,N/A,N/A,0,ACT,2016-03-25 09:00:55.0,119,2016-03-25 09:00:55.0,119,427,2000-01-01 00:00:00.0,2200-01-01 00:00:00.0,1,1,2016-06-13 09:47:28.0
53,433,Bích Thủy,N/A,N/A,N/A,0,ACT,2016-03-25 09:24:05.0,119,2016-03-25 09:24:05.0,119,433,2000-01-01 00:00:00.0,2200-01-01 00:00:00.0,1,1,2016-06-13 09:47:28.0
54,439,Đỗ Nhật Nam,N/A,N/A,N/A,0,ACT,2016-03-25 09:38:56.0,119,2016-03-25 09:38:56.0,119,439,2000-01-01 00:00:00.0,2200-01-01 00:00:00.0,1,1,2016-06-13 09:47:28.0
55,320,Thanh Dung,N/A,N/A,N/A,0,ACT,2016-04-06 15:09:52.0,1,2016-04-06 15:09:40.0,1,320,2000-01-01 00:00:00.0,2200-01-01 00:00:00.0,1,1,2016-06-13 09:47:28.0
56,4,Nguyễn Duy Nhiên,N/A,N/A,N/A,0,ACT,2015-09-17 17:06:53.0,1,2015-09-17 17:06:53.0,1,4,2000-01-01 00:00:00.0,2200-01-01 00:00:00.0,1,1,2016-06-13 09:47:15.0
57,12,Thu Trần,N/A,N/A,N/A,0,ACT,2015-10-28 10:03:12.0,1,2015-10-28 10:03:12.0,1,12,2000-01-01 00:00:00.0,2200-01-01 00:00:00.0,1,1,2016-06-13 09:47:15.0
58,18,Phan Thu Lê,N/A,N/A,N/A,0,ACT,2015-11-02 10:02:45.0,1,2015-11-02 10:02:45.0,1,18,2000-01-01 00:00:00.0,2200-01-01 00:00:00.0,1,1,2016-06-13 09:47:15.0
59,22,Phan Thị Ánh Hồng,N/A,N/A,N/A,0,ACT,2015-11-02 10:20:54.0,1,2015-11-02 10:20:54.0,1,22,2000-01-01 00:00:00.0,2200-01-01 00:00:00.0,1,1,2016-06-13 09:47:16.0
60,28,Thiên Nga,N/A,N/A,N/A,0,ACT,2015-11-02 17:28:38.0,1,2015-11-02 17:28:38.0,1,28,2000-01-01 00:00:00.0,2200-01-01 00:00:00.0,1,1,2016-06-13 09:47:16.0
61,33,Di Li,N/A,N/A,N/A,0,ACT,2015-11-02 17:29:25.0,1,2015-11-02 17:29:25.0,1,33,2000-01-01 00:00:00.0,2200-01-01 00:00:00.0,1,1,2016-06-13 09:47:23.0
62,38,Nguyễn Thanh An,N/A,N/A,N/A,0,ACT,2015-11-02 17:31:36.0,1,2015-11-02 17:31:36.0,1,38,2000-01-01 00:00:00.0,2200-01-01 00:00:00.0,1,1,2016-06-13 09:47:23.0
63,45,Sơn Lê,N/A,N/A,N/A,0,ACT,2015-11-05 10:12:00.0,1,2015-11-05 10:12:00.0,1,45,2000-01-01 00:00:00.0,2200-01-01 00:00:00.0,1,1,2016-06-13 09:47:23.0
64,50,Triều Giang,N/A,N/A,N/A,0,ACT,2015-11-09 14:10:08.0,1,2015-11-09 14:10:08.0,1,50,2000-01-01 00:00:00.0,2200-01-01 00:00:00.0,1,1,2016-06-13 09:47:23.0
65,55,Phan Thị Phương Thảo,N/A,N/A,N/A,0,ACT,2015-11-12 14:52:55.0,1,2015-11-12 14:52:55.0,1,55,2000-01-01 00:00:00.0,2200-01-01 00:00:00.0,1,1,2016-06-13 09:47:23.0
66,61,Giang Thủy,N/A,N/A,N/A,0,ACT,2015-11-12 16:00:51.0,1,2015-11-12 16:00:51.0,1,61,2000-01-01 00:00:00.0,2200-01-01 00:00:00.0,1,1,2016-06-13 09:47:23.0
67,67,Vi Thảo Nguyên,N/A,N/A,N/A,0,ACT,2015-11-18 09:30:18.0,1,2015-11-18 09:30:18.0,1,67,2000-01-01 00:00:00.0,2200-01-01 00:00:00.0,1,1,2016-06-13 09:47:23.0
68,76,Nguyễn Hải Hoành,N/A,N/A,N/A,0,ACT,2015-11-18 14:46:24.0,1,2015-11-18 14:46:24.0,1,76,2000-01-01 00:00:00.0,2200-01-01 00:00:00.0,1,1,2016-06-13 09:47:23.0
69,82,Nguyễn Thúy Quỳnh,N/A,N/A,N/A,0,ACT,2015-11-18 15:04:18.0,1,2015-11-18 15:04:18.0,1,82,2000-01-01 00:00:00.0,2200-01-01 00:00:00.0,1,1,2016-06-13 09:47:23.0
70,88,Hồng Vân,N/A,N/A,N/A,0,ACT,2015-11-18 15:45:37.0,1,2015-11-18 15:45:37.0,1,88,2000-01-01 00:00:00.0,2200-01-01 00:00:00.0,1,1,2016-06-13 09:47:24.0
71,100,Đặng Thị Vân Anh,N/A,N/A,N/A,0,ACT,2015-11-19 10:51:07.0,1,2015-11-19 10:51:07.0,1,100,2000-01-01 00:00:00.0,2200-01-01 00:00:00.0,1,1,2016-06-13 09:47:24.0
72,104,Bảo Bình,N/A,N/A,N/A,0,ACT,2015-11-19 14:58:54.0,1,2015-11-19 14:58:54.0,1,104,2000-01-01 00:00:00.0,2200-01-01 00:00:00.0,1,1,2016-06-13 09:47:24.0
73,112,Thu Trang,N/A,N/A,N/A,0,ACT,2015-11-19 15:24:17.0,1,2015-11-19 15:24:17.0,1,112,2000-01-01 00:00:00.0,2200-01-01 00:00:00.0,1,1,2016-06-13 09:47:24.0
74,126,Ngân Hà,N/A,N/A,N/A,0,ACT,2015-11-21 09:20:55.0,1,2015-11-21 09:20:55.0,1,126,2000-01-01 00:00:00.0,2200-01-01 00:00:00.0,1,1,2016-06-13 09:47:24.0
75,138,Dennis Q,N/A,N/A,N/A,0,ACT,2015-11-21 09:50:05.0,1,2015-11-21 09:50:05.0,1,138,2000-01-01 00:00:00.0,2200-01-01 00:00:00.0,1,1,2016-06-13 09:47:24.0
76,146,Thanh Hương,N/A,N/A,N/A,0,ACT,2015-11-23 14:59:26.0,1,2015-11-23 14:59:26.0,1,146,2000-01-01 00:00:00.0,2200-01-01 00:00:00.0,1,1,2016-06-13 09:47:24.0
77,162,Greenrosetq,N/A,N/A,N/A,0,ACT,2015-11-25 14:01:12.0,1,2015-11-25 14:01:12.0,1,162,2000-01-01 00:00:00.0,2200-01-01 00:00:00.0,1,1,2016-06-13 09:47:24.0
78,170,Phùng Ngọc Hương,N/A,N/A,N/A,0,ACT,2015-11-26 14:58:13.0,1,2015-11-26 14:58:13.0,1,170,2000-01-01 00:00:00.0,2200-01-01 00:00:00.0,1,1,2016-06-13 09:47:24.0
79,174,Hương Giang,N/A,N/A,N/A,0,ACT,2015-11-27 09:48:32.0,1,2015-11-27 09:48:32.0,1,174,2000-01-01 00:00:00.0,2200-01-01 00:00:00.0,1,1,2016-06-13 09:47:24.0
80,180,Mai Dung,N/A,N/A,N/A,0,ACT,2015-11-27 17:02:05.0,1,2015-11-27 17:02:05.0,1,180,2000-01-01 00:00:00.0,2200-01-01 00:00:00.0,1,1,2016-06-13 09:47:24.0
81,188,Phiêu Dương,N/A,N/A,N/A,0,ACT,2015-11-28 08:30:07.0,1,2015-11-28 08:30:07.0,1,188,2000-01-01 00:00:00.0,2200-01-01 00:00:00.0,1,1,2016-06-13 09:47:24.0
82,198,Liên Trần,N/A,N/A,N/A,0,ACT,2015-11-28 08:51:56.0,1,2015-11-28 08:51:56.0,1,198,2000-01-01 00:00:00.0,2200-01-01 00:00:00.0,1,1,2016-06-13 09:47:24.0
83,204,Phí Thị Mai,N/A,N/A,N/A,0,ACT,2015-11-28 10:33:42.0,1,2015-11-28 10:33:42.0,1,204,2000-01-01 00:00:00.0,2200-01-01 00:00:00.0,1,1,2016-06-13 09:47:24.0
84,211,Nguyễn Thị Ngọc Thúy,N/A,N/A,N/A,0,ACT,2015-12-02 14:24:03.0,1,2015-12-02 14:24:03.0,1,211,2000-01-01 00:00:00.0,2200-01-01 00:00:00.0,1,1,2016-06-13 09:47:25.0
85,220,Nguyễn Bích Lan,N/A,N/A,N/A,0,ACT,2015-12-04 16:30:32.0,1,2015-12-04 16:30:32.0,1,220,2000-01-01 00:00:00.0,2200-01-01 00:00:00.0,1,1,2016-06-13 09:47:25.0
86,226,Hà Phương,N/A,N/A,N/A,0,ACT,2015-12-11 11:26:15.0,1,2015-12-11 11:26:15.0,1,226,2000-01-01 00:00:00.0,2200-01-01 00:00:00.0,1,1,2016-06-13 09:47:25.0
87,234,Nguyệt Lạc,N/A,N/A,N/A,0,ACT,2016-01-29 16:42:06.0,1,2016-01-29 16:42:06.0,1,234,2000-01-01 00:00:00.0,2200-01-01 00:00:00.0,1,1,2016-06-13 09:47:25.0
88,243,Trần Nghĩa Phương,N/A,N/A,N/A,0,ACT,2016-01-29 16:42:06.0,1,2016-01-29 16:42:06.0,1,243,2000-01-01 00:00:00.0,2200-01-01 00:00:00.0,1,1,2016-06-13 09:47:25.0
89,253,Hoàng Thị Thu Hường,N/A,N/A,N/A,0,ACT,2016-01-29 16:42:06.0,1,2016-01-29 16:42:06.0,1,253,2000-01-01 00:00:00.0,2200-01-01 00:00:00.0,1,1,2016-06-13 09:47:26.0
90,259,Trương Thị Thảo,N/A,N/A,N/A,0,ACT,2016-01-29 16:42:06.0,1,2016-01-29 16:42:06.0,1,259,2000-01-01 00:00:00.0,2200-01-01 00:00:00.0,1,1,2016-06-13 09:47:30.0
91,267,Phạm Hoa Phượng,N/A,N/A,N/A,0,ACT,2016-01-29 16:42:06.0,1,2016-01-29 16:42:06.0,1,267,2000-01-01 00:00:00.0,2200-01-01 00:00:00.0,1,1,2016-06-13 09:47:30.0
92,277,Losedow,N/A,N/A,N/A,0,ACT,2016-01-29 16:42:06.0,1,2016-01-29 16:42:06.0,1,277,2000-01-01 00:00:00.0,2200-01-01 00:00:00.0,1,1,2016-06-13 09:47:30.0
93,305,Huỳnh Lý,N/A,N/A,N/A,0,ACT,2016-02-19 15:54:16.0,4,2016-02-19 15:54:16.0,4,305,2000-01-01 00:00:00.0,2200-01-01 00:00:00.0,1,1,2016-06-13 09:47:30.0
94,318,Hà Ngân,N/A,N/A,N/A,0,ACT,2016-02-22 05:16:22.0,4,2016-02-22 05:16:22.0,4,318,2000-01-01 00:00:00.0,2200-01-01 00:00:00.0,1,1,2016-06-13 09:47:30.0
95,347,Lotus,N/A,N/A,N/A,0,ACT,2016-03-02 16:03:03.0,4,2016-03-02 16:03:03.0,4,347,2000-01-01 00:00:00.0,2200-01-01 00:00:00.0,1,1,2016-06-13 09:47:30.0
96,286,Vũ Kim Dung,N/A,N/A,N/A,0,ACT,2016-03-21 17:59:19.0,1,2016-03-21 17:59:19.0,1,286,2000-01-01 00:00:00.0,2200-01-01 00:00:00.0,1,1,2016-06-13 09:47:30.0
97,292,Hải Đăng,N/A,N/A,N/A,0,ACT,2016-03-21 17:59:19.0,1,2016-03-21 17:59:19.0,1,292,2000-01-01 00:00:00.0,2200-01-01 00:00:00.0,1,1,2016-06-13 09:47:30.0
98,296,Nguyễn Chánh - Tiêu Long,N/A,N/A,N/A,0,ACT,2016-03-21 17:59:19.0,1,2016-03-21 17:59:19.0,1,296,2000-01-01 00:00:00.0,2200-01-01 00:00:00.0,1,1,2016-06-13 09:47:31.0
99,304,Hạnh Nguyên,N/A,N/A,N/A,0,ACT,2016-03-21 17:59:19.0,1,2016-03-21 17:59:19.0,1,304,2000-01-01 00:00:00.0,2200-01-01 00:00:00.0,1,1,2016-06-13 09:47:31.0
100,311,Cao Xuân Hạo,N/A,N/A,N/A,0,ACT,2016-03-21 17:59:19.0,1,2016-03-21 17:59:19.0,1,311,2000-01-01 00:00:00.0,2200-01-01 00:00:00.0,1,1,2016-06-13 09:47:31.0
101,374,Đỗ Hoài Nam,N/A,N/A,N/A,0,ACT,2016-03-22 09:14:35.0,4,2016-03-22 09:14:35.0,4,374,2000-01-01 00:00:00.0,2200-01-01 00:00:00.0,1,1,2016-06-13 09:47:31.0
102,382,Đỗ Kiện Anh,N/A,N/A,N/A,0,ACT,2016-03-22 10:23:04.0,4,2016-03-22 10:23:34.0,4,382,2000-01-01 00:00:00.0,2200-01-01 00:00:00.0,1,1,2016-06-13 09:47:31.0
103,389,Bùi Quang Dũng,N/A,N/A,N/A,0,ACT,2016-03-22 14:13:57.0,4,2016-03-22 14:13:57.0,4,389,2000-01-01 00:00:00.0,2200-01-01 00:00:00.0,1,1,2016-06-13 09:47:31.0
104,403,Thảo Trần,N/A,N/A,N/A,0,ACT,2016-03-22 14:59:08.0,4,2016-03-22 14:59:08.0,4,403,2000-01-01 00:00:00.0,2200-01-01 00:00:00.0,1,1,2016-06-13 09:47:31.0
105,413,Nguyễn Duy Dực,N/A,N/A,N/A,0,ACT,2016-03-23 11:35:32.0,4,2016-03-23 11:35:32.0,4,413,2000-01-01 00:00:00.0,2200-01-01 00:00:00.0,1,1,2016-06-13 09:47:31.0
106,422,Nguyễn Thoa,N/A,N/A,N/A,0,ACT,2016-03-23 14:02:15.0,4,2016-03-23 14:02:15.0,4,422,2000-01-01 00:00:00.0,2200-01-01 00:00:00.0,1,1,2016-06-13 09:47:31.0
107,431,Thoại Trang,N/A,N/A,N/A,0,ACT,2016-03-25 09:18:37.0,119,2016-03-25 09:18:37.0,119,431,2000-01-01 00:00:00.0,2200-01-01 00:00:00.0,1,1,2016-06-13 09:47:31.0
108,436,Lê Thu Giang,N/A,N/A,N/A,0,ACT,2016-03-25 09:35:16.0,119,2016-03-25 09:35:16.0,119,436,2000-01-01 00:00:00.0,2200-01-01 00:00:00.0,1,1,2016-06-13 09:47:31.0
109,319,Trần Mai Chi,N/A,N/A,N/A,0,ACT,2016-04-06 15:09:47.0,1,2016-04-06 15:09:38.0,1,319,2000-01-01 00:00:00.0,2200-01-01 00:00:00.0,1,1,2016-06-13 09:47:31.0
110,2,Thu Huyền,N/A,N/A,N/A,0,ACT,2015-09-17 16:48:50.0,1,2015-09-17 16:48:50.0,1,2,2000-01-01 00:00:00.0,2200-01-01 00:00:00.0,1,1,2016-06-13 09:47:16.0
111,10,Lê Quang Định,N/A,N/A,N/A,0,ACT,2015-10-27 11:28:54.0,1,2015-10-27 11:28:54.0,1,10,2000-01-01 00:00:00.0,2200-01-01 00:00:00.0,1,1,2016-06-13 09:47:16.0
112,16,Nguyễn Lệ Chi,N/A,N/A,N/A,0,ACT,2015-11-02 09:04:50.0,1,2015-11-02 09:04:50.0,1,16,2000-01-01 00:00:00.0,2200-01-01 00:00:00.0,1,1,2016-06-13 09:47:17.0
113,21,Nguyễn Mai Trang,N/A,N/A,N/A,0,ACT,2015-11-02 10:16:28.0,1,2015-11-02 10:16:28.0,1,21,2000-01-01 00:00:00.0,2200-01-01 00:00:00.0,1,1,2016-06-13 09:47:17.0
114,26,Thiên Tứ,N/A,N/A,N/A,0,ACT,2015-11-02 16:02:33.0,1,2015-11-02 16:02:33.0,1,26,2000-01-01 00:00:00.0,2200-01-01 00:00:00.0,1,1,2016-06-13 09:47:17.0
115,31,Thiên Lý,N/A,N/A,N/A,0,ACT,2015-11-02 17:29:10.0,1,2015-11-02 17:29:10.0,1,31,2000-01-01 00:00:00.0,2200-01-01 00:00:00.0,1,1,2016-06-13 09:47:21.0
116,35,Nguyễn Hạnh Quyên,N/A,N/A,N/A,0,ACT,2015-11-02 17:31:30.0,1,2015-11-02 17:31:30.0,1,35,2000-01-01 00:00:00.0,2200-01-01 00:00:00.0,1,1,2016-06-13 09:47:21.0
117,42,Phạm Uyên Minh,N/A,N/A,N/A,0,ACT,2015-11-04 15:43:19.0,1,2015-11-04 15:43:19.0,1,42,2000-01-01 00:00:00.0,2200-01-01 00:00:00.0,1,1,2016-06-13 09:47:21.0
118,48,Nhiều Dịch Giả,N/A,N/A,N/A,0,ACT,2015-11-05 14:21:25.0,1,2015-11-05 14:21:35.0,1,48,2000-01-01 00:00:00.0,2200-01-01 00:00:00.0,1,1,2016-06-13 09:47:21.0
119,53,Phạm Vũ Thanh Tùng,N/A,N/A,N/A,0,ACT,2015-11-12 14:52:44.0,1,2015-11-12 14:52:44.0,1,53,2000-01-01 00:00:00.0,2200-01-01 00:00:00.0,1,1,2016-06-13 09:47:21.0
120,59,Vương Bảo Long,N/A,N/A,N/A,0,ACT,2015-11-12 15:31:59.0,1,2015-11-12 15:31:59.0,1,59,2000-01-01 00:00:00.0,2200-01-01 00:00:00.0,1,1,2016-06-13 09:47:21.0
121,64,Dương Ngọc Hân,N/A,N/A,N/A,0,ACT,2015-11-13 09:20:14.0,1,2015-11-13 09:20:14.0,1,64,2000-01-01 00:00:00.0,2200-01-01 00:00:00.0,1,1,2016-06-13 09:47:21.0
122,74,An Điền,N/A,N/A,N/A,0,ACT,2015-11-18 14:37:10.0,1,2015-11-18 14:37:10.0,1,74,2000-01-01 00:00:00.0,2200-01-01 00:00:00.0,1,1,2016-06-13 09:47:21.0
123,79,Nguyễn Thành Phước,N/A,N/A,N/A,0,ACT,2015-11-18 15:02:04.0,1,2015-11-18 15:02:04.0,1,79,2000-01-01 00:00:00.0,2200-01-01 00:00:00.0,1,1,2016-06-13 09:47:21.0
124,86,Bùi Thị Kim Vân,N/A,N/A,N/A,0,ACT,2015-11-18 15:25:46.0,1,2015-11-18 15:25:46.0,1,86,2000-01-01 00:00:00.0,2200-01-01 00:00:00.0,1,1,2016-06-13 09:47:21.0
125,95,Việt Hà,N/A,N/A,N/A,0,ACT,2015-11-18 15:59:11.0,1,2015-11-18 15:59:11.0,1,95,2000-01-01 00:00:00.0,2200-01-01 00:00:00.0,1,1,2016-06-13 09:47:21.0
126,103,Thanh Loan,N/A,N/A,N/A,0,ACT,2015-11-19 14:04:25.0,1,2015-11-19 14:04:25.0,1,103,2000-01-01 00:00:00.0,2200-01-01 00:00:00.0,1,1,2016-06-13 09:47:21.0
